action,event_pk,rn,date,work_area,organization,project,survey,sampling_bout,site_id,source,project_specific_id,hakai_id,line_out_depth,pressure_transducer_depth,collected,preserved,analyzed,acidified,volume,lab_technician,filter_portion,pre_weight_mg,post_weight_mg,filter_size_mm,filter_type,extraction_duration,extraction_method,initial_extraction_volume,volume_filtered_ml,final_extraction_volume,tac_peak,_19_but,_19_hex,alpha_carotene,alloxanthin,antheraxanthin,beta_carotene,c2mgdg,chl_a,chl_b,chl_c1,chl_c1_c2,chl_c2,chl_c3,chl_ide_a,chla_allomer,chla_prime,diadinoxanthin,diatoxanthin,dv_chl_a,fuco,gyroxanthin_diester,lutein,me_chlide,mgdvp,neoxanthin,peri,phbide,phphyt,prasinoxanthin,violaxanthin,zeaxanthin,total_chl_a,all_chl_a,all_chl_a_flag,analyzing_lab,row_flag,quality_level,comments,quality_log
,11332895,1,2021-01-06,QUADRA,HAKAI,OCEANOGRAPHY,QOMA1,1,QU39,M,,QX8816,0,,2021-01-06T10:22:00.000Z,2021-01-06T13:36:00.000Z,,,1000,emma.myers;eva.jordison;meagan.abele,1,,,,,,,,,,,,,,,,,,,,,,,,,,,,,,,,,,,,,,,,,,,,,,Collected,Technicianm,,1: Event Metadata QCd by MA2: HPLC metadata QCd by EJ
,11332895,1,2021-01-06,QUADRA,HAKAI,OCEANOGRAPHY,QOMA1,1,QU39,M,,QX8819,5,5.7747564,2021-01-06T10:22:00.000Z,2021-01-06T13:36:00.000Z,,,1000,emma.myers;eva.jordison;meagan.abele,1,,,,,,,,,,,,,,,,,,,,,,,,,,,,,,,,,,,,,,,,,,,,,,Collected,Technicianm,,1: Event Metadata QCd by MA2: HPLC metadata QCd by EJ
,11332895,1,2021-01-06,QUADRA,HAKAI,OCEANOGRAPHY,QOMA1,1,QU39,M,,QX8817,10,10.6903811,2021-01-06T10:22:00.000Z,2021-01-06T13:36:00.000Z,,,980,emma.myers;eva.jordison;meagan.abele,1,,,,,,,,,,,,,,,,,,,,,,,,,,,,,,,,,,,,,,,,,,,,,,Collected,Technicianm,,1: Event Metadata QCd by MA2: HPLC metadata QCd by EJ
,11332895,1,2021-01-06,QUADRA,HAKAI,OCEANOGRAPHY,QOMA1,1,QU39,M,,QX8820,20,20.1404102,2021-01-06T10:22:00.000Z,2021-01-06T13:36:00.000Z,,,970,emma.myers;eva.jordison;meagan.abele,1,,,,,,,,,,,,,,,,,,,,,,,,,,,,,,,,,,,,,,,,,,,,,,Collected,Technicianm,,1: Event Metadata QCd by MA2: HPLC metadata QCd by EJ
,11332895,1,2021-01-06,QUADRA,HAKAI,OCEANOGRAPHY,QOMA1,1,QU39,M,,QX8821,30,30.4734991,2021-01-06T10:22:00.000Z,2021-01-06T13:36:00.000Z,,,1000,emma.myers;eva.jordison;meagan.abele,1,,,,,,,,,,,,,,,,,,,,,,,,,,,,,,,,,,,,,,,,,,,,,,Collected,Technicianm,,1: Event Metadata QCd by MA2: HPLC metadata QCd by EJ
,11333947,1,2021-01-11,CALVERT,HAKAI,OCEANOGRAPHY,KWAK,1,KC10,M,,CX8280,5,,2021-01-11T09:47:59.000Z,2021-01-11T11:58:19.000Z,,,1000,chris.mackenzie;chris.osullivan;jonathan.bergshoeff,1,,,,,,,,,,,,,,,,,,,,,,,,,,,,,,,,,,,,,,,,,,,,,,Collected,Technicianm,,1: Event metadata QCd by CM2: hplc qcd by cm
,11333866,1,2021-01-12,CALVERT,HAKAI,OCEANOGRAPHY,RVRS,1,DFO2,M,,CX8281,5,,2021-01-12T12:11:38.000Z,2021-01-12T15:30:05.000Z,,,1000,chris.osullivan,1,,,,,,,,,,,,,,,,,,,,,,,,,,,,,,,,,,,,,,,,,,,,,,Collected,Technicianm,,1: Event metadata QCd by JB2: hplc qcd by cm
,11334133,1,2021-01-13,QUADRA,HAKAI,OCEANOGRAPHY,QOMA5,1,QU39,M,,QX8818,0,,2021-01-13T10:35:00.000Z,2021-01-13T15:43:00.000Z,,,1000,eva.jordison;faye.manning,1,,,,,,,,,,,,,,,,,,,,,,,,,,,,,,,,,,,,,,,,,,,,,,Collected,Technicianm,,1: Event Metadata QCd by MA2: HPLC metadata QCd by EJ3: left in -20 freezer overnight4: Left overnight in -20 freezer
,11334133,1,2021-01-13,QUADRA,HAKAI,OCEANOGRAPHY,QOMA5,1,QU39,M,,QX8822,5,7.1630354,2021-01-13T10:35:00.000Z,2021-01-13T15:43:00.000Z,,,980,eva.jordison;faye.manning,1,,,,,,,,,,,,,,,,,,,,,,,,,,,,,,,,,,,,,,,,,,,,,,Collected,Technicianm,,1: Event Metadata QCd by MA2: HPLC metadata QCd by EJ3: left in -20 freezer overnight4: Left overnight in -20 freezer
,11334133,1,2021-01-13,QUADRA,HAKAI,OCEANOGRAPHY,QOMA5,1,QU39,M,,QX8823,10,10.3333844,2021-01-13T10:35:00.000Z,2021-01-13T15:43:00.000Z,,,1000,eva.jordison;faye.manning,1,,,,,,,,,,,,,,,,,,,,,,,,,,,,,,,,,,,,,,,,,,,,,,Collected,Technicianm,,1: Event Metadata QCd by MA2: HPLC metadata QCd by EJ3: left in -20 freezer overnight4: Left overnight in -20 freezer
,11958306,1,2021-01-20,QUADRA,HAKAI,OCEANOGRAPHY,QOMA1,1,QU39,M,,QX8824,0,,2021-01-20T09:53:00.000Z,2021-01-20T14:47:00.000Z,,,1000,emma.myers;jonathan.bergshoeff;meagan.abele,1,,,,,,,,,,,,,,,,,,,,,,,,,,,,,,,,,,,,,,,,,,,,,,Collected,Technicianm,,1: Event Metadata QCd by MA2: HPLC metadata QCd by EJ
,11958306,1,2021-01-20,QUADRA,HAKAI,OCEANOGRAPHY,QOMA1,1,QU39,M,,QX8825,5,5.6830448,2021-01-20T09:53:00.000Z,2021-01-20T14:47:00.000Z,,,1000,emma.myers;jonathan.bergshoeff;meagan.abele,1,,,,,,,,,,,,,,,,,,,,,,,,,,,,,,,,,,,,,,,,,,,,,,Collected,Technicianm,,1: Event Metadata QCd by MA2: HPLC metadata QCd by EJ
,11958306,1,2021-01-20,QUADRA,HAKAI,OCEANOGRAPHY,QOMA1,1,QU39,M,,QX8826,10,10.3923349,2021-01-20T09:53:00.000Z,2021-01-20T14:47:00.000Z,,,1000,emma.myers;jonathan.bergshoeff;meagan.abele,1,,,,,,,,,,,,,,,,,,,,,,,,,,,,,,,,,,,,,,,,,,,,,,Collected,Technicianm,,1: Event Metadata QCd by MA2: HPLC metadata QCd by EJ
,11958306,1,2021-01-20,QUADRA,HAKAI,OCEANOGRAPHY,QOMA1,1,QU39,M,,QX8827,20,19.9271092,2021-01-20T09:53:00.000Z,2021-01-20T14:47:00.000Z,,,1000,emma.myers;jonathan.bergshoeff;meagan.abele,1,,,,,,,,,,,,,,,,,,,,,,,,,,,,,,,,,,,,,,,,,,,,,,Collected,Technicianm,,1: Event Metadata QCd by MA2: HPLC metadata QCd by EJ
,11958306,1,2021-01-20,QUADRA,HAKAI,OCEANOGRAPHY,QOMA1,1,QU39,M,,QX8828,30,29.9678509,2021-01-20T09:53:00.000Z,2021-01-20T14:47:00.000Z,,,1000,emma.myers;jonathan.bergshoeff;meagan.abele,1,,,,,,,,,,,,,,,,,,,,,,,,,,,,,,,,,,,,,,,,,,,,,,Collected,Technicianm,,1: Event Metadata QCd by MA2: HPLC metadata QCd by EJ
,11958698,1,2021-01-27,QUADRA,HAKAI,OCEANOGRAPHY,QOMA5,1,QU39,M,,QX8829,0,,2021-01-27T09:56:00.000Z,2021-01-27T14:43:00.000Z,,,1000,emma.myers;jonathan.bergshoeff;meagan.abele,1,,,,,,,,,,,,,,,,,,,,,,,,,,,,,,,,,,,,,,,,,,,,,,Collected,Technicianm,,1: Event metadata QCd by MA2: HPLC metadata QCd by EJ
,11958698,1,2021-01-27,QUADRA,HAKAI,OCEANOGRAPHY,QOMA5,1,QU39,M,,QX8830,5,6.1542541,2021-01-27T09:56:00.000Z,2021-01-27T14:43:00.000Z,,,1000,emma.myers;jonathan.bergshoeff;meagan.abele,1,,,,,,,,,,,,,,,,,,,,,,,,,,,,,,,,,,,,,,,,,,,,,,Collected,Technicianm,,1: Event metadata QCd by MA2: HPLC metadata QCd by EJ
,11958698,1,2021-01-27,QUADRA,HAKAI,OCEANOGRAPHY,QOMA5,1,QU39,M,,QX8831,10,10.5069232,2021-01-27T09:56:00.000Z,2021-01-27T14:43:00.000Z,,,1000,emma.myers;jonathan.bergshoeff;meagan.abele,1,,,,,,,,,,,,,,,,,,,,,,,,,,,,,,,,,,,,,,,,,,,,,,Collected,Technicianm,,1: Event metadata QCd by MA2: HPLC metadata QCd by EJ
,11961890,1,2021-02-04,QUADRA,HAKAI,OCEANOGRAPHY,QOMA1,1,QU39,M,,QX8832,0,,2021-02-04T09:34:00.000Z,2021-02-04T14:13:00.000Z,,,1000,eva.jordison;jonathan.bergshoeff;meagan.abele,1,,,,,,,,,,,,,,,,,,,,,,,,,,,,,,,,,,,,,,,,,,,,,,Collected,Raw,,1: Event metadata QCd by MA
,11961890,1,2021-02-04,QUADRA,HAKAI,OCEANOGRAPHY,QOMA1,1,QU39,M,,QX8833,5,5.8233461,2021-02-04T09:34:00.000Z,2021-02-04T14:13:00.000Z,,,1000,eva.jordison;jonathan.bergshoeff;meagan.abele,1,,,,,,,,,,,,,,,,,,,,,,,,,,,,,,,,,,,,,,,,,,,,,,Collected,Raw,,1: Event metadata QCd by MA
,11961890,1,2021-02-04,QUADRA,HAKAI,OCEANOGRAPHY,QOMA1,1,QU39,M,,QX8834,10,10.1688343,2021-02-04T09:34:00.000Z,2021-02-04T14:13:00.000Z,,,1000,eva.jordison;jonathan.bergshoeff;meagan.abele,1,,,,,,,,,,,,,,,,,,,,,,,,,,,,,,,,,,,,,,,,,,,,,,Collected,Raw,,1: Event metadata QCd by MA
,11961890,1,2021-02-04,QUADRA,HAKAI,OCEANOGRAPHY,QOMA1,1,QU39,M,,QX8835,20,20.3396499,2021-02-04T09:34:00.000Z,2021-02-04T14:13:00.000Z,,,1000,eva.jordison;jonathan.bergshoeff;meagan.abele,1,,,,,,,,,,,,,,,,,,,,,,,,,,,,,,,,,,,,,,,,,,,,,,Collected,Raw,,1: Event metadata QCd by MA
,11961890,1,2021-02-04,QUADRA,HAKAI,OCEANOGRAPHY,QOMA1,1,QU39,M,,QX8836,30,29.9283526,2021-02-04T09:34:00.000Z,2021-02-04T14:13:00.000Z,,,1000,eva.jordison;jonathan.bergshoeff;meagan.abele,1,,,,,,,,,,,,,,,,,,,,,,,,,,,,,,,,,,,,,,,,,,,,,,Collected,Raw,,1: Event metadata QCd by MA
,11962406,1,2021-02-08,CALVERT,HAKAI,OCEANOGRAPHY,RVRS,1,DFO2,M,,CX8283,5,,2021-02-08T12:29:27.000Z,2021-02-08T17:12:43.000Z,,,1000,chris.osullivan;eva.jordison;meagan.abele,1,,,,,,,,,,,,,,,,,,,,,,,,,,,,,,,,,,,,,,,,,,,,,,Collected,Technicianm,,1: Event metadata QCd by MA2: HPLC metadata QCd by Ma
,11962417,1,2021-02-10,CALVERT,HAKAI,OCEANOGRAPHY,KWAK,2,KC10,M,,CX8282,5,5.2356327,2021-02-10T10:11:14.000Z,2021-02-10T14:06:01.000Z,,,1000,chris.osullivan;eva.jordison,1,,,,,,,,,,,,,,,,,,,,,,,,,,,,,,,,,,,,,,,,,,,,,,Collected,Technicianm,,1: Event metadata QCd by EJ2: HPLC metadata QCd by Ma
,12591741,1,2021-02-10,QUADRA,HAKAI,OCEANOGRAPHY,QOMA5,1,QU39,M,,QX8837,0,,2021-02-10T09:44:00.000Z,2021-02-10T13:00:00.000Z,,,1000,chris.mackenzie;emma.myers;faye.manning;jonathan.bergshoeff,1,,,,,,,,,,,,,,,,,,,,,,,,,,,,,,,,,,,,,,,,,,,,,,Collected,Raw,,1: Event metadata QC'd by JB
,12591741,1,2021-02-10,QUADRA,HAKAI,OCEANOGRAPHY,QOMA5,1,QU39,M,,QX8838,5,5.86047,2021-02-10T09:44:00.000Z,2021-02-10T13:00:00.000Z,,,1000,chris.mackenzie;emma.myers;faye.manning;jonathan.bergshoeff,1,,,,,,,,,,,,,,,,,,,,,,,,,,,,,,,,,,,,,,,,,,,,,,Collected,Raw,,1: Event metadata QC'd by JB
,12591741,1,2021-02-10,QUADRA,HAKAI,OCEANOGRAPHY,QOMA5,1,QU39,M,,QX8839,10,10.6671557,2021-02-10T09:44:00.000Z,2021-02-10T13:00:00.000Z,,,1000,chris.mackenzie;emma.myers;faye.manning;jonathan.bergshoeff,1,,,,,,,,,,,,,,,,,,,,,,,,,,,,,,,,,,,,,,,,,,,,,,Collected,Raw,,1: Event metadata QC'd by JB
,12588288,1,2021-02-13,CALVERT,HAKAI,OCEANOGRAPHY,QCS_V1,2,QCS01,M,,CX8277,5,4.6386052,2021-02-13T10:37:33.000Z,2021-02-13T14:37:36.000Z,,,1000,chris.osullivan;eva.jordison;meagan.abele,1,,,,,,,,,,,,,,,,,,,,,,,,,,,,,,,,,,,,,,,,,,,,,,Collected,Technicianm,,1: Event Qc'd by CO2: HPLC metadata QCd by Ma
,12589853,1,2021-02-17,QUADRA,HAKAI,OCEANOGRAPHY,TOBA,1,TO4A,M,,QX8845,0,,2021-02-17T10:07:00.000Z,2021-02-17T13:37:00.000Z,,,1000,carolyn.prentice;meagan.abele,1,,,,,,,,,,,,,,,,,,,,,,,,,,,,,,,,,,,,,,,,,,,,,,Collected,Raw,,1: Event QC by MA
,12589851,1,2021-02-17,QUADRA,HAKAI,OCEANOGRAPHY,TOBA,2,TO4A,M,,QX8846,5,5.2964357,2021-02-17T10:09:00.000Z,2021-02-17T13:59:00.000Z,,,1000,carolyn.prentice;meagan.abele,1,,,,,,,,,,,,,,,,,,,,,,,,,,,,,,,,,,,,,,,,,,,,,,Collected,Raw,,1: Event QC by MA
,12589851,1,2021-02-17,QUADRA,HAKAI,OCEANOGRAPHY,TOBA,2,TO4A,M,,QX8847,10,10.2811406,2021-02-17T10:09:00.000Z,2021-02-17T13:59:00.000Z,,,1000,carolyn.prentice;meagan.abele,1,,,,,,,,,,,,,,,,,,,,,,,,,,,,,,,,,,,,,,,,,,,,,,Collected,Raw,,1: Event QC by MA
,12590032,1,2021-02-19,QUADRA,HAKAI,OCEANOGRAPHY,QOMA1,1,QU39,M,,QX8840,0,,2021-02-19T09:20:00.000Z,2021-02-19T13:04:00.000Z,,,1000,jonathan.bergshoeff;meagan.abele,1,,,,,,,,,,,,,,,,,,,,,,,,,,,,,,,,,,,,,,,,,,,,,,Collected,Raw,,1: Event metadata QCd by EJ
,12590032,1,2021-02-19,QUADRA,HAKAI,OCEANOGRAPHY,QOMA1,1,QU39,M,,QX8841,5,6.5918119,2021-02-19T09:20:00.000Z,2021-02-19T13:04:00.000Z,,,1000,jonathan.bergshoeff;meagan.abele,1,,,,,,,,,,,,,,,,,,,,,,,,,,,,,,,,,,,,,,,,,,,,,,Collected,Raw,,1: Event metadata QCd by EJ
,12590032,1,2021-02-19,QUADRA,HAKAI,OCEANOGRAPHY,QOMA1,1,QU39,M,,QX8842,10,11.0947305,2021-02-19T09:20:00.000Z,2021-02-19T13:04:00.000Z,,,1000,jonathan.bergshoeff;meagan.abele,1,,,,,,,,,,,,,,,,,,,,,,,,,,,,,,,,,,,,,,,,,,,,,,Collected,Raw,,1: Event metadata QCd by EJ
,12590032,1,2021-02-19,QUADRA,HAKAI,OCEANOGRAPHY,QOMA1,1,QU39,M,,QX8843,20,20.9203547,2021-02-19T09:20:00.000Z,2021-02-19T13:04:00.000Z,,,1000,jonathan.bergshoeff;meagan.abele,1,,,,,,,,,,,,,,,,,,,,,,,,,,,,,,,,,,,,,,,,,,,,,,Collected,Raw,,1: Event metadata QCd by EJ
,12590032,1,2021-02-19,QUADRA,HAKAI,OCEANOGRAPHY,QOMA1,1,QU39,M,,QX8844,30,30.7373467,2021-02-19T09:20:00.000Z,2021-02-19T13:04:00.000Z,,,1000,jonathan.bergshoeff;meagan.abele,1,,,,,,,,,,,,,,,,,,,,,,,,,,,,,,,,,,,,,,,,,,,,,,Collected,Raw,,1: Event metadata QCd by EJ
,12590408,1,2021-02-23,QUADRA,HAKAI,OCEANOGRAPHY,QOMA5,1,QU39,M,,QX8848,0,,2021-02-23T09:39:00.000Z,2021-02-23T13:05:00.000Z,,,1000,eva.jordison;jonathan.bergshoeff;meagan.abele,1,,,,,,,,,,,,,,,,,,,,,,,,,,,,,,,,,,,,,,,,,,,,,,Collected,Raw,,1: Event Metadata QCd by MA
,12590408,1,2021-02-23,QUADRA,HAKAI,OCEANOGRAPHY,QOMA5,1,QU39,M,,QX8849,5,5.8596617,2021-02-23T09:39:00.000Z,2021-02-23T13:05:00.000Z,,,1000,eva.jordison;jonathan.bergshoeff;meagan.abele,1,,,,,,,,,,,,,,,,,,,,,,,,,,,,,,,,,,,,,,,,,,,,,,Collected,Raw,,1: Event Metadata QCd by MA
,12590408,1,2021-02-23,QUADRA,HAKAI,OCEANOGRAPHY,QOMA5,1,QU39,M,,QX8850,10,10.316385,2021-02-23T09:39:00.000Z,2021-02-23T13:05:00.000Z,,,1000,eva.jordison;jonathan.bergshoeff;meagan.abele,1,,,,,,,,,,,,,,,,,,,,,,,,,,,,,,,,,,,,,,,,,,,,,,Collected,Raw,,1: Event Metadata QCd by MA
,13229909,1,2021-03-09,QUADRA,HAKAI,OCEANOGRAPHY,QOMA1,1,QU39,M,,QX8851,0,,2021-03-09T09:20:00.000Z,2021-03-09T14:04:00.000Z,,,1000,,1,,,,,,,,,,,,,,,,,,,,,,,,,,,,,,,,,,,,,,,,,,,,,,Collected,Technicianm,,1: Event metadata QCd by MA2: HPLC Metadata QCd by FM
,13229909,1,2021-03-09,QUADRA,HAKAI,OCEANOGRAPHY,QOMA1,1,QU39,M,,QX8852,5,5.461033,2021-03-09T09:20:00.000Z,2021-03-09T14:04:00.000Z,,,1000,,1,,,,,,,,,,,,,,,,,,,,,,,,,,,,,,,,,,,,,,,,,,,,,,Collected,Technicianm,,1: Event metadata QCd by MA2: HPLC Metadata QCd by FM
,13229909,1,2021-03-09,QUADRA,HAKAI,OCEANOGRAPHY,QOMA1,1,QU39,M,,QX8853,10,10.0998896,2021-03-09T09:20:00.000Z,2021-03-09T14:04:00.000Z,,,1000,,1,,,,,,,,,,,,,,,,,,,,,,,,,,,,,,,,,,,,,,,,,,,,,,Collected,Technicianm,,1: Event metadata QCd by MA2: HPLC Metadata QCd by FM
,13229909,1,2021-03-09,QUADRA,HAKAI,OCEANOGRAPHY,QOMA1,1,QU39,M,,QX8854,20,19.8012619,2021-03-09T09:20:00.000Z,2021-03-09T14:04:00.000Z,,,1000,,1,,,,,,,,,,,,,,,,,,,,,,,,,,,,,,,,,,,,,,,,,,,,,,Collected,Technicianm,,1: Event metadata QCd by MA2: HPLC Metadata QCd by FM
,13229909,1,2021-03-09,QUADRA,HAKAI,OCEANOGRAPHY,QOMA1,1,QU39,M,,QX8855,30,30.0787746,2021-03-09T09:20:00.000Z,2021-03-09T14:04:00.000Z,,,1000,,1,,,,,,,,,,,,,,,,,,,,,,,,,,,,,,,,,,,,,,,,,,,,,,Collected,Technicianm,,1: Event metadata QCd by MA2: HPLC Metadata QCd by FM
,12596885,1,2021-03-11,CALVERT,HAKAI,OCEANOGRAPHY,QCS_V1,2,QCS01,M,,CX8284,5,7.7839902,2021-03-11T09:31:04.000Z,2021-03-11T12:30:57.000Z,,,1000,chris.mackenzie;jonathan.bergshoeff,1,,,,,,,,,,,,,,,,,,,,,,,,,,,,,,,,,,,,,,,,,,,,,,Collected,Technicianm,,1: Event metadata QC'd by JB2: Sample metadata QC'd by CO
,13230055,1,2021-03-16,QUADRA,HAKAI,OCEANOGRAPHY,QOMA1,1,QU39,M,,QX8856,0,,2021-03-16T09:46:00.000Z,2021-03-16T13:45:00.000Z,,,1000,faye.manning;meagan.abele,1,,,,,,,,,,,,,,,,,,,,,,,,,,,,,,,,,,,,,,,,,,,,,,Collected,Technicianm,,1: Event Metadata QCd by FM2: HPLC Metadata QCd by FM3: left in -20 for 2 days
,13230055,1,2021-03-16,QUADRA,HAKAI,OCEANOGRAPHY,QOMA1,1,QU39,M,,QX8857,5,5.7696533,2021-03-16T09:46:00.000Z,2021-03-16T13:45:00.000Z,,,870,faye.manning;meagan.abele,1,,,,,,,,,,,,,,,,,,,,,,,,,,,,,,,,,,,,,,,,,,,,,,Collected,Technicianm,,1: Event Metadata QCd by FM2: HPLC Metadata QCd by FM3: left in -20 for 2 days
,13230058,1,2021-03-16,QUADRA,HAKAI,OCEANOGRAPHY,QOMA1,2,QU39,M,,QX8858,10,10.2384488,2021-03-16T09:50:00.000Z,2021-03-16T13:44:00.000Z,,,1000,faye.manning;meagan.abele,1,,,,,,,,,,,,,,,,,,,,,,,,,,,,,,,,,,,,,,,,,,,,,,Collected,Technicianm,,1: Event Metadata QCd by FM2: HPLC Metadata QCd by FM3: left in -20 for 2 days
,13230058,1,2021-03-16,QUADRA,HAKAI,OCEANOGRAPHY,QOMA1,2,QU39,M,,QX8859,20,20.4620696,2021-03-16T09:50:00.000Z,2021-03-16T13:44:00.000Z,,,1000,faye.manning;meagan.abele,1,,,,,,,,,,,,,,,,,,,,,,,,,,,,,,,,,,,,,,,,,,,,,,Collected,Technicianm,,1: Event Metadata QCd by FM2: HPLC Metadata QCd by FM3: left in -20 for 2 days
,13230058,1,2021-03-16,QUADRA,HAKAI,OCEANOGRAPHY,QOMA1,2,QU39,M,,QX8860,30,29.8398417,2021-03-16T09:50:00.000Z,2021-03-16T13:44:00.000Z,,,1000,faye.manning;meagan.abele,1,,,,,,,,,,,,,,,,,,,,,,,,,,,,,,,,,,,,,,,,,,,,,,Collected,Technicianm,,1: Event Metadata QCd by FM2: HPLC Metadata QCd by FM3: left in -20 for 2 days
,13231760,1,2021-03-23,QUADRA,HAKAI,OCEANOGRAPHY,TOBA,1,TO4A,M,,QX8861,0,,2021-03-23T10:09:00.000Z,2021-03-23T11:12:00.000Z,,,1000,carolyn.prentice;jonathan.bergshoeff,1,,,,,,,,,,,,,,,,,,,,,,,,,,,,,,,,,,,,,,,,,,,,,,Collected,Technicianm,,1: Event metadata QCd by EJ2: HPLC Metadata QCd by FM
,13231760,1,2021-03-23,QUADRA,HAKAI,OCEANOGRAPHY,TOBA,1,TO4A,M,,QX8862,5,5.8311577,2021-03-23T10:09:00.000Z,2021-03-23T11:12:00.000Z,,,1000,carolyn.prentice;jonathan.bergshoeff,1,,,,,,,,,,,,,,,,,,,,,,,,,,,,,,,,,,,,,,,,,,,,,,Collected,Technicianm,,1: Event metadata QCd by EJ2: HPLC Metadata QCd by FM
,13231760,1,2021-03-23,QUADRA,HAKAI,OCEANOGRAPHY,TOBA,1,TO4A,M,,QX8863,10,10.3622638,2021-03-23T10:09:00.000Z,2021-03-23T11:12:00.000Z,,,650,carolyn.prentice;jonathan.bergshoeff,1,,,,,,,,,,,,,,,,,,,,,,,,,,,,,,,,,,,,,,,,,,,,,,Collected,Technicianm,,1: Correct volume; some sample missed2: Event metadata QCd by EJ3: HPLC Metadata QCd by FM
,13863697,1,2021-03-26,QUADRA,HAKAI,OCEANOGRAPHY,QOMA5,1,QU39,M,,QX8864,0,,2021-03-26T09:48:00.000Z,2021-03-26T12:49:00.000Z,,,1000,eva.jordison;jonathan.bergshoeff;meagan.abele,1,,,,,,,,,,,,,,,,,,,,,,,,,,,,,,,,,,,,,,,,,,,,,,Collected,Technicianm,,1: Event metadata QCd by MA2: HPLC Metadata QCd by FM
,13863697,1,2021-03-26,QUADRA,HAKAI,OCEANOGRAPHY,QOMA5,1,QU39,M,,QX8865,5,6.2982178,2021-03-26T09:48:00.000Z,2021-03-26T12:49:00.000Z,,,1000,eva.jordison;jonathan.bergshoeff;meagan.abele,1,,,,,,,,,,,,,,,,,,,,,,,,,,,,,,,,,,,,,,,,,,,,,,Collected,Technicianm,,1: Event metadata QCd by MA2: HPLC Metadata QCd by FM
,13863697,1,2021-03-26,QUADRA,HAKAI,OCEANOGRAPHY,QOMA5,1,QU39,M,,QX8866,10,10.9527232,2021-03-26T09:48:00.000Z,2021-03-26T12:49:00.000Z,,,1000,eva.jordison;jonathan.bergshoeff;meagan.abele,1,,,,,,,,,,,,,,,,,,,,,,,,,,,,,,,,,,,,,,,,,,,,,,Collected,Technicianm,,1: Event metadata QCd by MA2: HPLC Metadata QCd by FM
,15129978,1,2021-03-30,QUADRA,HAKAI,OCEANOGRAPHY,QOMA1,1,QU39,M,,QX8867,0,,2021-03-30T09:33:00.000Z,2021-03-30T13:33:00.000Z,,,1000,isabelle.desmarais;Zoe Sandwith,1,,,,,,,,,,,,,,,,,,,,,,,,,,,,,,,,,,,,,,,,,,,,,,Collected,Technicianm,,1: Event metadata QCd by EJ2: HPLC Metadata QCd by FM
,15129978,1,2021-03-30,QUADRA,HAKAI,OCEANOGRAPHY,QOMA1,1,QU39,M,,QX8868,5,6.0386616,2021-03-30T09:33:00.000Z,2021-03-30T13:33:00.000Z,,,970,isabelle.desmarais;Zoe Sandwith,1,,,,,,,,,,,,,,,,,,,,,,,,,,,,,,,,,,,,,,,,,,,,,,Collected,Technicianm,,1: Event metadata QCd by EJ2: HPLC Metadata QCd by FM
,15129978,1,2021-03-30,QUADRA,HAKAI,OCEANOGRAPHY,QOMA1,1,QU39,M,,QX8869,10,10.1928996,2021-03-30T09:33:00.000Z,2021-03-30T13:33:00.000Z,,,970,isabelle.desmarais;Zoe Sandwith,1,,,,,,,,,,,,,,,,,,,,,,,,,,,,,,,,,,,,,,,,,,,,,,Collected,Technicianm,,1: Event metadata QCd by EJ2: HPLC Metadata QCd by FM
,15129978,1,2021-03-30,QUADRA,HAKAI,OCEANOGRAPHY,QOMA1,1,QU39,M,,QX8870,20,20.1673167,2021-03-30T09:33:00.000Z,2021-03-30T13:33:00.000Z,,,1000,isabelle.desmarais;Zoe Sandwith,1,,,,,,,,,,,,,,,,,,,,,,,,,,,,,,,,,,,,,,,,,,,,,,Collected,Technicianm,,1: Event metadata QCd by EJ2: HPLC Metadata QCd by FM
,15129978,1,2021-03-30,QUADRA,HAKAI,OCEANOGRAPHY,QOMA1,1,QU39,M,,QX8871,30,29.7778298,2021-03-30T09:33:00.000Z,2021-03-30T13:33:00.000Z,,,1000,isabelle.desmarais;Zoe Sandwith,1,,,,,,,,,,,,,,,,,,,,,,,,,,,,,,,,,,,,,,,,,,,,,,Collected,Technicianm,,1: Event metadata QCd by EJ2: HPLC Metadata QCd by FM
,15129990,1,2021-04-05,QUADRA,HAKAI,OCEANOGRAPHY,QOMA5,1,QU39,M,,QX8872,0,,2021-04-05T09:54:00.000Z,2021-04-05T13:17:00.000Z,,,1000,carolyn.prentice;eva.jordison;Zoe Sandwith,1,,,,,,,,,,,,,,,,,,,,,,,,,,,,,,,,,,,,,,,,,,,,,,Collected,Technicianm,,1: Event metadata QCd by EJ2: HPLC metadata QCd by MA
,15129990,1,2021-04-05,QUADRA,HAKAI,OCEANOGRAPHY,QOMA5,1,QU39,M,,QX8873,5,4.9351562,2021-04-05T09:54:00.000Z,2021-04-05T13:17:00.000Z,,,1000,carolyn.prentice;eva.jordison;Zoe Sandwith,1,,,,,,,,,,,,,,,,,,,,,,,,,,,,,,,,,,,,,,,,,,,,,,Collected,Technicianm,,1: Event metadata QCd by EJ2: HPLC metadata QCd by MA
,15129990,1,2021-04-05,QUADRA,HAKAI,OCEANOGRAPHY,QOMA5,1,QU39,M,,QX8874,10,10.1227481,2021-04-05T09:54:00.000Z,2021-04-05T13:17:00.000Z,,,1000,carolyn.prentice;eva.jordison;Zoe Sandwith,1,,,,,,,,,,,,,,,,,,,,,,,,,,,,,,,,,,,,,,,,,,,,,,Collected,Technicianm,,1: Event metadata QCd by EJ2: HPLC metadata QCd by MA
,13864752,1,2021-04-10,CALVERT,HAKAI,OCEANOGRAPHY,KWAK,1,KC10,M,,CX8286,5,5.2879458,2021-04-10T09:31:00.000Z,2021-04-10T13:32:00.000Z,,,1000,chris.osullivan;eva.jordison;Finn Short,1,,,,,,,,,,,,,,,,,,,,,,,,,,,,,,,,,,,,,,,,,,,,,,Collected,Technicianm,,1: Event QC'd by CO2: hplc metadata qcd by cm
,15130288,1,2021-04-12,CALVERT,HAKAI,OCEANOGRAPHY,RVRS,1,DFO2,M,,CX8287,5,7.2715952,2021-04-12T10:39:00.000Z,2021-04-12T14:01:00.000Z,,,1000,chris.osullivan;eva.jordison,1,,,,,,,,,,,,,,,,,,,,,,,,,,,,,,,,,,,,,,,,,,,,,,Collected,Technicianm,,1: Event QC'd by CO2: hplc metadata qcd by cm
,15131694,1,2021-04-14,QUADRA,HAKAI,OCEANOGRAPHY,QOMA1,1,QU39,M,,QX8875,0,,2021-04-14T10:08:00.000Z,2021-04-14T14:06:00.000Z,,,1000,jonathan.bergshoeff;katie.pocock;meagan.abele,1,,,,,,,,,,,,,,,,,,,,,,,,,,,,,,,,,,,,,,,,,,,,,,Collected,Technicianm,,1: Event metadata QCd by MA2: HPLC metadata QCd by MA
,15131694,1,2021-04-14,QUADRA,HAKAI,OCEANOGRAPHY,QOMA1,1,QU39,M,,QX8876,5,6.1112483,2021-04-14T10:08:00.000Z,2021-04-14T14:06:00.000Z,,,1000,jonathan.bergshoeff;katie.pocock;meagan.abele,1,,,,,,,,,,,,,,,,,,,,,,,,,,,,,,,,,,,,,,,,,,,,,,Collected,Technicianm,,1: Event metadata QCd by MA2: HPLC metadata QCd by MA
,15131694,1,2021-04-14,QUADRA,HAKAI,OCEANOGRAPHY,QOMA1,1,QU39,M,,QX8877,10,11.0770615,2021-04-14T10:08:00.000Z,2021-04-14T14:06:00.000Z,,,1000,jonathan.bergshoeff;katie.pocock;meagan.abele,1,,,,,,,,,,,,,,,,,,,,,,,,,,,,,,,,,,,,,,,,,,,,,,Collected,Technicianm,,1: Event metadata QCd by MA2: HPLC metadata QCd by MA
,15131694,1,2021-04-14,QUADRA,HAKAI,OCEANOGRAPHY,QOMA1,1,QU39,M,,QX8878,20,20.3781103,2021-04-14T10:08:00.000Z,2021-04-14T14:06:00.000Z,,,1000,jonathan.bergshoeff;katie.pocock;meagan.abele,1,,,,,,,,,,,,,,,,,,,,,,,,,,,,,,,,,,,,,,,,,,,,,,Collected,Technicianm,,1: Event metadata QCd by MA2: HPLC metadata QCd by MA
,15131694,1,2021-04-14,QUADRA,HAKAI,OCEANOGRAPHY,QOMA1,1,QU39,M,,QX8879,30,,2021-04-14T10:08:00.000Z,2021-04-14T14:06:00.000Z,,,1000,jonathan.bergshoeff;katie.pocock;meagan.abele,1,,,,,,,,,,,,,,,,,,,,,,,,,,,,,,,,,,,,,,,,,,,,,,Collected,Technicianm,,1: Event metadata QCd by MA2: HPLC metadata QCd by MA
,15130250,1,2021-04-15,QUADRA,HAKAI,OCEANOGRAPHY,TOBA,1,TO4A,M,,QX8880,0,,2021-04-15T12:01:00.000Z,2021-04-15T17:05:00.000Z,,,980,carolyn.prentice;faye.manning;jonathan.bergshoeff,1,,,,,,,,,,,,,,,,,,,,,,,,,,,,,,,,,,,,,,,,,,,,,,Collected,Technicianm,,1: Event metadata QCd by EJ2: HPLC metadata QCd by MA
,15130250,1,2021-04-15,QUADRA,HAKAI,OCEANOGRAPHY,TOBA,1,TO4A,M,,QX8881,5,5.7030017,2021-04-15T12:01:00.000Z,2021-04-15T17:05:00.000Z,,,1000,carolyn.prentice;faye.manning;jonathan.bergshoeff,1,,,,,,,,,,,,,,,,,,,,,,,,,,,,,,,,,,,,,,,,,,,,,,Collected,Technicianm,,1: Event metadata QCd by EJ2: HPLC metadata QCd by MA
,15130250,1,2021-04-15,QUADRA,HAKAI,OCEANOGRAPHY,TOBA,1,TO4A,M,,QX8882,10,10.0558334,2021-04-15T12:01:00.000Z,2021-04-15T17:05:00.000Z,,,1000,carolyn.prentice;faye.manning;jonathan.bergshoeff,1,,,,,,,,,,,,,,,,,,,,,,,,,,,,,,,,,,,,,,,,,,,,,,Collected,Technicianm,,1: Event metadata QCd by EJ2: HPLC metadata QCd by MA
,15130016,1,2021-04-19,QUADRA,HAKAI,OCEANOGRAPHY,QOMA5,2,QU39,M,,QX8883,0,,2021-04-19T10:58:00.000Z,2021-04-19T13:58:00.000Z,,,1000,eva.jordison;meagan.abele,1,,,,,,,,,,,,,,,,,,,,,,,,,,,,,,,,,,,,,,,,,,,,,,Collected,Technicianm,,1: Event Metadata QCd by EJ2: HPLC metadata QCd by MA
,15130016,1,2021-04-19,QUADRA,HAKAI,OCEANOGRAPHY,QOMA5,2,QU39,M,,QX8884,5,5.6464674,2021-04-19T10:58:00.000Z,2021-04-19T13:58:00.000Z,,,1000,eva.jordison;meagan.abele,1,,,,,,,,,,,,,,,,,,,,,,,,,,,,,,,,,,,,,,,,,,,,,,Collected,Technicianm,,1: Event Metadata QCd by EJ2: HPLC metadata QCd by MA
,15130016,1,2021-04-19,QUADRA,HAKAI,OCEANOGRAPHY,QOMA5,2,QU39,M,,QX8885,10,9.2561452,2021-04-19T10:58:00.000Z,2021-04-19T13:58:00.000Z,,,1000,eva.jordison;meagan.abele,1,,,,,,,,,,,,,,,,,,,,,,,,,,,,,,,,,,,,,,,,,,,,,,Collected,Technicianm,,1: Event Metadata QCd by EJ2: HPLC metadata QCd by MA
,15130021,1,2021-04-26,QUADRA,HAKAI,OCEANOGRAPHY,QOMA1,1,QU39,M,,QX8895,0,,2021-04-26T10:24:00.000Z,2021-04-26T14:50:00.000Z,,,1000,Zoe Sandwith,1,,,,,,,,,,,,,,,,,,,,,,,,,,,,,,,,,,,,,,,,,,,,,,Collected,Technicianm,,1: Event Metadata QCd by EJ2: HPLC metadata QCd by MA
,15130021,1,2021-04-26,QUADRA,HAKAI,OCEANOGRAPHY,QOMA1,1,QU39,M,,QX8894,5,,2021-04-26T10:24:00.000Z,2021-04-26T14:50:00.000Z,,,1000,Zoe Sandwith,1,,,,,,,,,,,,,,,,,,,,,,,,,,,,,,,,,,,,,,,,,,,,,,Collected,Technicianm,,1: Event Metadata QCd by EJ2: HPLC metadata QCd by MA
,15130021,1,2021-04-26,QUADRA,HAKAI,OCEANOGRAPHY,QOMA1,1,QU39,M,,QX8893,10,,2021-04-26T10:24:00.000Z,2021-04-26T14:50:00.000Z,,,1000,Zoe Sandwith,1,,,,,,,,,,,,,,,,,,,,,,,,,,,,,,,,,,,,,,,,,,,,,,Collected,Technicianm,,1: Event Metadata QCd by EJ2: HPLC metadata QCd by MA
,15130021,1,2021-04-26,QUADRA,HAKAI,OCEANOGRAPHY,QOMA1,1,QU39,M,,QX8892,20,,2021-04-26T10:24:00.000Z,2021-04-26T14:50:00.000Z,,,1000,Zoe Sandwith,1,,,,,,,,,,,,,,,,,,,,,,,,,,,,,,,,,,,,,,,,,,,,,,Collected,Technicianm,,1: Event Metadata QCd by EJ2: HPLC metadata QCd by MA
,15130021,1,2021-04-26,QUADRA,HAKAI,OCEANOGRAPHY,QOMA1,1,QU39,M,,QX8891,30,,2021-04-26T10:24:00.000Z,2021-04-26T14:50:00.000Z,,,1000,Zoe Sandwith,1,,,,,,,,,,,,,,,,,,,,,,,,,,,,,,,,,,,,,,,,,,,,,,Collected,Technicianm,,1: Event Metadata QCd by EJ2: HPLC metadata QCd by MA
,15130005,1,2021-05-04,QUADRA,HAKAI,OCEANOGRAPHY,QOMA5,1,QU39,M,,QX8886,0,,2021-05-04T10:08:00.000Z,2021-05-04T13:41:00.000Z,,,1000,eva.jordison;jonathan.bergshoeff,1,,,,,,,,,,,,,,,,,,,,,,,,,,,,,,,,,,,,,,,,,,,,,,Collected,Technicianm,,1: Event metadata QCd by EJ2: HPLC metadata QCd by MA
,15130005,1,2021-05-04,QUADRA,HAKAI,OCEANOGRAPHY,QOMA5,1,QU39,M,,QX8887,5,5.0579462,2021-05-04T10:08:00.000Z,2021-05-04T13:41:00.000Z,,,1000,eva.jordison;jonathan.bergshoeff,1,,,,,,,,,,,,,,,,,,,,,,,,,,,,,,,,,,,,,,,,,,,,,,Collected,Technicianm,,1: Event metadata QCd by EJ2: HPLC metadata QCd by MA
,15130005,1,2021-05-04,QUADRA,HAKAI,OCEANOGRAPHY,QOMA5,1,QU39,M,,QX8888,10,10.0481598,2021-05-04T10:08:00.000Z,2021-05-04T13:41:00.000Z,,,1000,eva.jordison;jonathan.bergshoeff,1,,,,,,,,,,,,,,,,,,,,,,,,,,,,,,,,,,,,,,,,,,,,,,Collected,Technicianm,,1: Event metadata QCd by EJ2: HPLC metadata QCd by MA
,15130224,1,2021-05-06,CALVERT,HAKAI,OCEANOGRAPHY,KWAK,1,KC10,M,,CX8288,5,5.3893507,2021-05-06T09:17:00.000Z,2021-05-06T13:17:00.000Z,,,1000,chris.mackenzie;chris.osullivan;Sejal Pramlall,1,,,,,,,,,,,,,,,,,,,,,,,,,,,,,,,,,,,,,,,,,,,,,,Collected,Technicianm,,1: Event Metadata QCd by MA2: HPLC metadata QCd by MA
,15130996,1,2021-05-09,CALVERT,HAKAI,OCEANOGRAPHY,RVRS,1,DFO2,M,,CX8289,5,4.8158678,2021-05-09T12:24:00.000Z,2021-05-09T15:53:00.000Z,,,1000,chris.mackenzie;meagan.abele;Sejal Pramlall,1,,,,,,,,,,,,,,,,,,,,,,,,,,,,,,,,,,,,,,,,,,,,,,Collected,Technicianm,,1: Event metadata QCd by MA2: HPLC metadata QCd by MA
,15131576,1,2021-05-12,QUADRA,HAKAI,OCEANOGRAPHY,TOBA,1,TO4A,M,,QX8889,0,,2021-05-12T11:15:00.000Z,2021-05-12T16:00:00.000Z,,,1000,carolyn.prentice;faye.manning;katie.pocock,1,,,,,,,,,,,,,,,,,,,,,,,,,,,,,,,,,,,,,,,,,,,,,,Collected,Technicianm,,1: Event Metadata QCd by FM2: HPLC metadata QCd by MA
,15131576,1,2021-05-12,QUADRA,HAKAI,OCEANOGRAPHY,TOBA,1,TO4A,M,,QX8890,5,5.3866856,2021-05-12T11:15:00.000Z,2021-05-12T16:00:00.000Z,,,950,carolyn.prentice;faye.manning;katie.pocock,1,,,,,,,,,,,,,,,,,,,,,,,,,,,,,,,,,,,,,,,,,,,,,,Collected,Technicianm,,1: Event Metadata QCd by FM2: HPLC metadata QCd by MA
,15131576,1,2021-05-12,QUADRA,HAKAI,OCEANOGRAPHY,TOBA,1,TO4A,M,,QX8896,10,10.7482422,2021-05-12T11:15:00.000Z,2021-05-12T16:00:00.000Z,,,1000,carolyn.prentice;faye.manning;katie.pocock,1,,,,,,,,,,,,,,,,,,,,,,,,,,,,,,,,,,,,,,,,,,,,,,Collected,Technicianm,,1: Event Metadata QCd by FM2: HPLC metadata QCd by MA
,15132757,1,2021-05-19,QUADRA,HAKAI,OCEANOGRAPHY;NONE,QOMA1;ZOOPSPRINT,1,QU39,M,,QX8897,0,,2021-05-19T10:17:00.000Z,2021-05-19T15:58:00.000Z,,,1000,carrie.weekes;eva.jordison;isabelle.desmarais;zoe.sandwith,1,,,,,,,,,,,,,,,,,,,,,,,,,,,,,,,,,,,,,,,,,,,,,,Collected,Raw,,1: Event Metadata QCd by ZS
,15132757,1,2021-05-19,QUADRA,HAKAI,OCEANOGRAPHY;NONE,QOMA1;ZOOPSPRINT,1,QU39,M,,QX8898,5,5.855589,2021-05-19T10:17:00.000Z,2021-05-19T15:58:00.000Z,,,1000,carrie.weekes;eva.jordison;isabelle.desmarais;zoe.sandwith,1,,,,,,,,,,,,,,,,,,,,,,,,,,,,,,,,,,,,,,,,,,,,,,Collected,Raw,,1: Event Metadata QCd by ZS
,15132757,1,2021-05-19,QUADRA,HAKAI,OCEANOGRAPHY;NONE,QOMA1;ZOOPSPRINT,1,QU39,M,,QX8899,10,10.2530141,2021-05-19T10:17:00.000Z,2021-05-19T15:58:00.000Z,,,1000,carrie.weekes;eva.jordison;isabelle.desmarais;zoe.sandwith,1,,,,,,,,,,,,,,,,,,,,,,,,,,,,,,,,,,,,,,,,,,,,,,Collected,Raw,,1: Event Metadata QCd by ZS
,15132757,1,2021-05-19,QUADRA,HAKAI,OCEANOGRAPHY;NONE,QOMA1;ZOOPSPRINT,1,QU39,M,,QX8900,20,19.9113071,2021-05-19T10:17:00.000Z,2021-05-19T15:58:00.000Z,,,1000,carrie.weekes;eva.jordison;isabelle.desmarais;zoe.sandwith,1,,,,,,,,,,,,,,,,,,,,,,,,,,,,,,,,,,,,,,,,,,,,,,Collected,Raw,,1: Event Metadata QCd by ZS
,15132757,1,2021-05-19,QUADRA,HAKAI,OCEANOGRAPHY;NONE,QOMA1;ZOOPSPRINT,1,QU39,M,,QX8901,30,,2021-05-19T10:17:00.000Z,2021-05-19T15:58:00.000Z,,,1000,carrie.weekes;eva.jordison;isabelle.desmarais;zoe.sandwith,1,,,,,,,,,,,,,,,,,,,,,,,,,,,,,,,,,,,,,,,,,,,,,,Collected,Raw,,1: Event Metadata QCd by ZS
,15786698,1,2021-05-28,QUADRA,HAKAI,OCEANOGRAPHY,QOMA1,1,QU39,M,,QX8902,0,,2021-05-28T09:59:00.000Z,2021-05-28T13:35:00.000Z,,,1000,eva.jordison;isabelle.desmarais;natalie.mahara,1,,,,,,,,,,,,,,,,,,,,,,,,,,,,,,,,,,,,,,,,,,,,,,Collected,Technicianm,,1: Event metadata QCd by EJ2: HPLC metadata QCd by MA
,15786698,1,2021-05-28,QUADRA,HAKAI,OCEANOGRAPHY,QOMA1,1,QU39,M,,QX8903,5,5.8617158,2021-05-28T09:59:00.000Z,2021-05-28T13:35:00.000Z,,,1000,eva.jordison;isabelle.desmarais;natalie.mahara,1,,,,,,,,,,,,,,,,,,,,,,,,,,,,,,,,,,,,,,,,,,,,,,Collected,Technicianm,,1: Event metadata QCd by EJ2: HPLC metadata QCd by MA
,15786698,1,2021-05-28,QUADRA,HAKAI,OCEANOGRAPHY,QOMA1,1,QU39,M,,QX8904,10,10.2944205,2021-05-28T09:59:00.000Z,2021-05-28T13:35:00.000Z,,,1000,eva.jordison;isabelle.desmarais;natalie.mahara,1,,,,,,,,,,,,,,,,,,,,,,,,,,,,,,,,,,,,,,,,,,,,,,Collected,Technicianm,,1: Event metadata QCd by EJ2: HPLC metadata QCd by MA
,15786698,1,2021-05-28,QUADRA,HAKAI,OCEANOGRAPHY,QOMA1,1,QU39,M,,QX8905,20,19.8490886,2021-05-28T09:59:00.000Z,2021-05-28T13:35:00.000Z,,,1000,eva.jordison;isabelle.desmarais;natalie.mahara,1,,,,,,,,,,,,,,,,,,,,,,,,,,,,,,,,,,,,,,,,,,,,,,Collected,Technicianm,,1: Event metadata QCd by EJ2: HPLC metadata QCd by MA
,15786698,1,2021-05-28,QUADRA,HAKAI,OCEANOGRAPHY,QOMA1,1,QU39,M,,QX8906,30,29.3126676,2021-05-28T09:59:00.000Z,2021-05-28T13:35:00.000Z,,,1000,eva.jordison;isabelle.desmarais;natalie.mahara,1,,,,,,,,,,,,,,,,,,,,,,,,,,,,,,,,,,,,,,,,,,,,,,Collected,Technicianm,,1: Event metadata QCd by EJ2: HPLC metadata QCd by MA
,15148324,1,2021-06-01,QUADRA,HAKAI,OCEANOGRAPHY,QOMA5,1,QU39,M,,QX8907,0,,2021-06-01T09:45:00.000Z,2021-06-01T13:48:00.000Z,,,1000,eva.jordison;jonathan.bergshoeff;meagan.abele;Rumer Opie,1,,,,,,,,,,,,,,,,,,,,,,,,,,,,,,,,,,,,,,,,,,,,,,Collected,Raw,,1: Event metadata QCd by RO
,15148324,1,2021-06-01,QUADRA,HAKAI,OCEANOGRAPHY,QOMA5,1,QU39,M,,QX8908,5,5.6307503,2021-06-01T09:45:00.000Z,2021-06-01T13:48:00.000Z,,,1000,eva.jordison;jonathan.bergshoeff;meagan.abele;Rumer Opie,1,,,,,,,,,,,,,,,,,,,,,,,,,,,,,,,,,,,,,,,,,,,,,,Collected,Raw,,1: Event metadata QCd by RO
,15148324,1,2021-06-01,QUADRA,HAKAI,OCEANOGRAPHY,QOMA5,1,QU39,M,,QX8909,10,14.5290104,2021-06-01T09:45:00.000Z,2021-06-01T13:48:00.000Z,,,1000,eva.jordison;jonathan.bergshoeff;meagan.abele;Rumer Opie,1,,,,,,,,,,,,,,,,,,,,,,,,,,,,,,,,,,,,,,,,,,,,,,Collected,Raw,,1: Event metadata QCd by RO
,15785806,1,2021-06-03,CALVERT,HAKAI,NONE,PROCESS STUDY - QCS,1,QCS01,M,,CX8290,0,,2021-06-03T08:46:00.000Z,2021-06-03T14:58:00.000Z,,,1000,chris.osullivan;eva.jordison,1,,,,,,,,,,,,,,,,,,,,,,,,,,,,,,,,,,,,,,,,,,,,,,Collected,Technicianm,,1: Event metadata QCd by EJ2: HPLC metadata QC'd by CO
,15785808,1,2021-06-03,CALVERT,HAKAI,NONE,PROCESS STUDY - QCS,1,QCS07,M,,CX8294,0,,2021-06-03T13:02:00.000Z,2021-06-03T16:26:00.000Z,,,1000,chris.osullivan;eva.jordison,1,,,,,,,,,,,,,,,,,,,,,,,,,,,,,,,,,,,,,,,,,,,,,,Collected,Technicianm,,1: Event metadata QCd by EJ2: HPLC metadata QC'd by CO
,15785806,1,2021-06-03,CALVERT,HAKAI,NONE,PROCESS STUDY - QCS,1,QCS01,M,,CX8291,5,,2021-06-03T08:46:00.000Z,2021-06-03T14:58:00.000Z,,,980,chris.osullivan;eva.jordison,1,,,,,,,,,,,,,,,,,,,,,,,,,,,,,,,,,,,,,,,,,,,,,,Collected,Technicianm,,1: Event metadata QCd by EJ2: HPLC metadata QC'd by CO
,15785808,1,2021-06-03,CALVERT,HAKAI,NONE,PROCESS STUDY - QCS,1,QCS07,M,,CX8295,5,,2021-06-03T13:02:00.000Z,2021-06-03T16:26:00.000Z,,,1000,chris.osullivan;eva.jordison,1,,,,,,,,,,,,,,,,,,,,,,,,,,,,,,,,,,,,,,,,,,,,,,Collected,Technicianm,,1: Event metadata QCd by EJ2: HPLC metadata QC'd by CO
,15148358,1,2021-06-03,CALVERT,HAKAI,NONE;NONE,PROCESS STUDY - QCS;QCS PROCESS STUDY,1,QCS05,M,,CX8292,0,,2021-06-03T10:26:00.000Z,2021-06-03T16:23:00.000Z,,,1000,chris.osullivan;eva.jordison,1,,,,,,,,,,,,,,,,,,,,,,,,,,,,,,,,,,,,,,,,,,,,,,Collected,Technicianm,,1: Event metadata QCd by EJ2: HPLC metadata QC'd by CO
,15148358,1,2021-06-03,CALVERT,HAKAI,NONE;NONE,PROCESS STUDY - QCS;QCS PROCESS STUDY,1,QCS05,M,,CX8293,5,,2021-06-03T10:26:00.000Z,2021-06-03T16:23:00.000Z,,,980,chris.osullivan;eva.jordison,1,,,,,,,,,,,,,,,,,,,,,,,,,,,,,,,,,,,,,,,,,,,,,,Collected,Technicianm,,1: Event metadata QCd by EJ2: HPLC metadata QC'd by CO
,15785853,1,2021-06-05,CALVERT,HAKAI,OCEANOGRAPHY,KWAK,1,KC10,M,,CX8296,5,4.9385141,2021-06-05T08:39:00.000Z,2021-06-05T11:31:00.000Z,,,1000,carrie.weekes;chris.mackenzie;chris.osullivan;eva.jordison,1,,,,,,,,,,,,,,,,,,,,,,,,,,,,,,,,,,,,,,,,,,,,,,Collected,Technicianm,,1: Event metadata QCd by CM2: HPLC metadata QC'd by CO
,15785817,1,2021-06-06,CALVERT,HAKAI,OCEANOGRAPHY,RVRS,1,DFO2,M,,CX8297,5,5.2605069,2021-06-06T11:10:00.000Z,2021-06-06T15:11:00.000Z,,,1000,chris.mackenzie;eva.jordison,1,,,,,,,,,,,,,,,,,,,,,,,,,,,,,,,,,,,,,,,,,,,,,,Collected,Technicianm,,1: Event metadata QCd by EJ2: HPLC metadata QC'd by CO
,15786126,1,2021-06-09,QUADRA,HAKAI,OCEANOGRAPHY,QOMA1,1,QU39,M,,QX8910,0,0.6729486,2021-06-09T10:06:00.000Z,2021-06-09T13:00:00.000Z,,,1000,faye.manning,1,,,,,,,,,,,,,,,,,,,,,,,,,,,,,,,,,,,,,,,,,,,,,,Collected,Raw,,1: Event metadata QCd by RO2: redropped a niskin to 20m to collect 1L more water for POMS FA
,15786126,1,2021-06-09,QUADRA,HAKAI,OCEANOGRAPHY,QOMA1,1,QU39,M,,QX8911,5,5.3429393,2021-06-09T10:06:00.000Z,2021-06-09T13:00:00.000Z,,,1000,faye.manning,1,,,,,,,,,,,,,,,,,,,,,,,,,,,,,,,,,,,,,,,,,,,,,,Collected,Raw,,1: Event metadata QCd by RO2: redropped a niskin to 20m to collect 1L more water for POMS FA
,15786126,1,2021-06-09,QUADRA,HAKAI,OCEANOGRAPHY,QOMA1,1,QU39,M,,QX8912,10,10.3886708,2021-06-09T10:06:00.000Z,2021-06-09T13:00:00.000Z,,,1000,faye.manning,1,,,,,,,,,,,,,,,,,,,,,,,,,,,,,,,,,,,,,,,,,,,,,,Collected,Raw,,1: Event metadata QCd by RO2: redropped a niskin to 20m to collect 1L more water for POMS FA
,15786126,1,2021-06-09,QUADRA,HAKAI,OCEANOGRAPHY,QOMA1,1,QU39,M,,QX8913,20,19.2287401,2021-06-09T10:06:00.000Z,2021-06-09T13:00:00.000Z,,,1000,faye.manning,1,,,,,,,,,,,,,,,,,,,,,,,,,,,,,,,,,,,,,,,,,,,,,,Collected,Raw,,1: Event metadata QCd by RO2: redropped a niskin to 20m to collect 1L more water for POMS FA
,15786126,1,2021-06-09,QUADRA,HAKAI,OCEANOGRAPHY,QOMA1,1,QU39,M,,QX8914,30,28.9164771,2021-06-09T10:06:00.000Z,2021-06-09T13:00:00.000Z,,,1000,faye.manning,1,,,,,,,,,,,,,,,,,,,,,,,,,,,,,,,,,,,,,,,,,,,,,,Collected,Raw,,1: Event metadata QCd by RO2: redropped a niskin to 20m to collect 1L more water for POMS FA
,15785953,1,2021-06-10,QUADRA,HAKAI,OCEANOGRAPHY,TOBA,1,TO4A,M,,QX8915,0,,2021-06-10T10:02:00.000Z,2021-06-10T11:20:00.000Z,,,1000,carolyn.prentice;faye.manning,1,,,,,,,,,,,,,,,,,,,,,,,,,,,,,,,,,,,,,,,,,,,,,,Collected,Raw,,1: Event Metadata QCd by FM
,15785953,1,2021-06-10,QUADRA,HAKAI,OCEANOGRAPHY,TOBA,1,TO4A,M,,QX8916,5,6.1971871,2021-06-10T10:02:00.000Z,2021-06-10T11:20:00.000Z,,,1000,carolyn.prentice;faye.manning,1,,,,,,,,,,,,,,,,,,,,,,,,,,,,,,,,,,,,,,,,,,,,,,Collected,Raw,,1: Event Metadata QCd by FM
,15785953,1,2021-06-10,QUADRA,HAKAI,OCEANOGRAPHY,TOBA,1,TO4A,M,,QX8917,10,,2021-06-10T10:02:00.000Z,2021-06-10T11:20:00.000Z,,,1000,carolyn.prentice;faye.manning,1,,,,,,,,,,,,,,,,,,,,,,,,,,,,,,,,,,,,,,,,,,,,,,Collected,Raw,,1: Event Metadata QCd by FM
,15786630,1,2021-06-15,QUADRA,HAKAI,OCEANOGRAPHY,QOMA5,1,QU39,M,,QX8918,0,,2021-06-15T09:42:00.000Z,2021-06-15T14:02:00.000Z,,,1000,eva.jordison;jonathan.bergshoeff;meagan.abele;rumer.opie,1,,,,,,,,,,,,,,,,,,,,,,,,,,,,,,,,,,,,,,,,,,,,,,Collected,Raw,,1: Event metadata QCd by RO
,15786632,1,2021-06-15,QUADRA,HAKAI,OCEANOGRAPHY,QOMA5,2,QU39,M,,QX8919,5,3.2544876,2021-06-15T09:55:00.000Z,2021-06-15T13:57:00.000Z,,,1000,eva.jordison;jonathan.bergshoeff;meagan.abele;rumer.opie,1,,,,,,,,,,,,,,,,,,,,,,,,,,,,,,,,,,,,,,,,,,,,,,Collected,Raw,,1: Event metadata QCd by RO
,15786630,1,2021-06-15,QUADRA,HAKAI,OCEANOGRAPHY,QOMA5,1,QU39,M,,QX8920,10,9.6390783,2021-06-15T09:42:00.000Z,2021-06-15T14:02:00.000Z,,,1000,eva.jordison;jonathan.bergshoeff;meagan.abele;rumer.opie,1,,,,,,,,,,,,,,,,,,,,,,,,,,,,,,,,,,,,,,,,,,,,,,Collected,Raw,,1: Event metadata QCd by RO
,16425176,1,2021-06-22,QUADRA,HAKAI,OCEANOGRAPHY,QOMA1,1,QU39,M,,QX8921,0,,2021-06-22T09:51:00.000Z,2021-06-22T13:20:00.000Z,,,1000,rumer.opie,1,,,,,,,,,,,,,,,,,,,,,,,,,,,,,,,,,,,,,,,,,,,,,,Collected,Raw,,1: Event metadata QCd by EJ
,16425176,1,2021-06-22,QUADRA,HAKAI,OCEANOGRAPHY,QOMA1,1,QU39,M,,QX8922,5,5.5105045,2021-06-22T09:51:00.000Z,2021-06-22T13:20:00.000Z,,,1000,rumer.opie,1,,,,,,,,,,,,,,,,,,,,,,,,,,,,,,,,,,,,,,,,,,,,,,Collected,Raw,,1: Event metadata QCd by EJ
,16425176,1,2021-06-22,QUADRA,HAKAI,OCEANOGRAPHY,QOMA1,1,QU39,M,,QX8923,10,,2021-06-22T09:51:00.000Z,2021-06-22T13:20:00.000Z,,,1000,rumer.opie,1,,,,,,,,,,,,,,,,,,,,,,,,,,,,,,,,,,,,,,,,,,,,,,Collected,Raw,,1: Event metadata QCd by EJ
,16425176,1,2021-06-22,QUADRA,HAKAI,OCEANOGRAPHY,QOMA1,1,QU39,M,,QX8924,20,19.7988343,2021-06-22T09:51:00.000Z,2021-06-22T13:20:00.000Z,,,1000,rumer.opie,1,,,,,,,,,,,,,,,,,,,,,,,,,,,,,,,,,,,,,,,,,,,,,,Collected,Raw,,1: Event metadata QCd by EJ
,16425176,1,2021-06-22,QUADRA,HAKAI,OCEANOGRAPHY,QOMA1,1,QU39,M,,QX8925,30,30.1417557,2021-06-22T09:51:00.000Z,2021-06-22T13:20:00.000Z,,,1000,rumer.opie,1,,,,,,,,,,,,,,,,,,,,,,,,,,,,,,,,,,,,,,,,,,,,,,Collected,Raw,,1: Event metadata QCd by EJ
,17707297,1,2021-06-25,QUADRA,HAKAI,OCEANOGRAPHY,TOBA,1,TO4A,M,,QX8926,0,0.8283313,2021-06-25T09:51:00.000Z,2021-06-25T11:09:00.000Z,,,1000,alex.hare,1,,,,,,,,,,,,,,,,,,,,,,,,,,,,,,,,,,,,,,,,,,,,,,Collected,Raw,,1: Qced metadta by RO
,17707297,1,2021-06-25,QUADRA,HAKAI,OCEANOGRAPHY,TOBA,1,TO4A,M,,QX8927,5,5.4797934,2021-06-25T09:51:00.000Z,2021-06-25T11:09:00.000Z,,,1000,alex.hare,1,,,,,,,,,,,,,,,,,,,,,,,,,,,,,,,,,,,,,,,,,,,,,,Collected,Raw,,1: Qced metadta by RO
,17707297,1,2021-06-25,QUADRA,HAKAI,OCEANOGRAPHY,TOBA,1,TO4A,M,,QX8928,10,10.2277964,2021-06-25T09:51:00.000Z,2021-06-25T11:09:00.000Z,,,1000,alex.hare,1,,,,,,,,,,,,,,,,,,,,,,,,,,,,,,,,,,,,,,,,,,,,,,Collected,Raw,,1: Qced metadta by RO
,16426298,1,2021-06-28,QUADRA,HAKAI,OCEANOGRAPHY,QOMA5,1,QU39,M,,QX8929,0,,2021-06-28T09:26:00.000Z,2021-06-28T13:14:00.000Z,,,900,carolyn.prentice,1,,,,,,,,,,,,,,,,,,,,,,,,,,,,,,,,,,,,,,,,,,,,,,Collected,Raw,,1: Correct vol2: Event Metadata QCd by ZS
,16426298,1,2021-06-28,QUADRA,HAKAI,OCEANOGRAPHY,QOMA5,1,QU39,M,,QX8930,5,5.6837751,2021-06-28T09:26:00.000Z,2021-06-28T13:14:00.000Z,,,850,carolyn.prentice,1,,,,,,,,,,,,,,,,,,,,,,,,,,,,,,,,,,,,,,,,,,,,,,Collected,Raw,,1: Event Metadata QCd by ZS2: Label on sample has wrong  volume; 850mL is correct
,16426298,1,2021-06-28,QUADRA,HAKAI,OCEANOGRAPHY,QOMA5,1,QU39,M,,QX8931,10,10.4148583,2021-06-28T09:26:00.000Z,2021-06-28T13:14:00.000Z,,,860,carolyn.prentice,1,,,,,,,,,,,,,,,,,,,,,,,,,,,,,,,,,,,,,,,,,,,,,,Collected,Raw,,1: Correct vol2: Event Metadata QCd by ZS
,16427137,1,2021-07-04,CALVERT,HAKAI,OCEANOGRAPHY,KWAK,1,KC10,M,,CX8299,5,6.1774567,2021-07-04T13:43:00.000Z,2021-07-04T16:09:00.000Z,,,1000,chris.mackenzie,1,,,,,,,,,,,,,,,,,,,,,,,,,,,,,,,,,,,,,,,,,,,,,,Collected,Technicianm,,1: extra nutreint ID is for 3x UofA samples at 0m. No zooplankton - hauler failed. Event metadata QCd by CM2: hplc qcd by cm
,16426904,1,2021-07-05,CALVERT,HAKAI,OCEANOGRAPHY,RVRS,1,DFO2,M,,CX8298,5,5.8619356,2021-07-05T11:26:00.000Z,2021-07-05T15:51:00.000Z,,,1000,chris.mackenzie,1,,,,,,,,,,,,,,,,,,,,,,,,,,,,,,,,,,,,,,,,,,,,,,Collected,Technicianm,,1: hplc qcd by cm2: Sampling Event QC'd by CO
,16427181,1,2021-07-06,QUADRA,HAKAI,OCEANOGRAPHY,QOMA1,1,QU39,M,,QX8932,0,,2021-07-06T09:53:00.000Z,2021-07-06T13:00:00.000Z,,,1000,faye.manning;jonathan.bergshoeff,1,,,,,,,,,,,,,,,,,,,,,,,,,,,,,,,,,,,,,,,,,,,,,,Collected,Technicianm,,1: Event metadata QCd by JB2: Sample metadata QCd by EJ
,16427181,1,2021-07-06,QUADRA,HAKAI,OCEANOGRAPHY,QOMA1,1,QU39,M,,QX8933,5,5.5453707,2021-07-06T09:53:00.000Z,2021-07-06T13:00:00.000Z,,,1000,faye.manning;jonathan.bergshoeff,1,,,,,,,,,,,,,,,,,,,,,,,,,,,,,,,,,,,,,,,,,,,,,,Collected,Technicianm,,1: Event metadata QCd by JB2: Sample metadata QCd by EJ
,16427181,1,2021-07-06,QUADRA,HAKAI,OCEANOGRAPHY,QOMA1,1,QU39,M,,QX8934,10,10.4231683,2021-07-06T09:53:00.000Z,2021-07-06T13:00:00.000Z,,,970,faye.manning;jonathan.bergshoeff,1,,,,,,,,,,,,,,,,,,,,,,,,,,,,,,,,,,,,,,,,,,,,,,Collected,Technicianm,,1: Event metadata QCd by JB2: Sample metadata QCd by EJ3: Volume correct
,16427181,1,2021-07-06,QUADRA,HAKAI,OCEANOGRAPHY,QOMA1,1,QU39,M,,QX8935,20,19.890378,2021-07-06T09:53:00.000Z,2021-07-06T13:00:00.000Z,,,1000,faye.manning;jonathan.bergshoeff,1,,,,,,,,,,,,,,,,,,,,,,,,,,,,,,,,,,,,,,,,,,,,,,Collected,Technicianm,,1: Event metadata QCd by JB2: Sample metadata QCd by EJ
,16427181,1,2021-07-06,QUADRA,HAKAI,OCEANOGRAPHY,QOMA1,1,QU39,M,,QX8936,30,29.6344779,2021-07-06T09:53:00.000Z,2021-07-06T13:00:00.000Z,,,950,faye.manning;jonathan.bergshoeff,1,,,,,,,,,,,,,,,,,,,,,,,,,,,,,,,,,,,,,,,,,,,,,,Collected,Technicianm,,1: Event metadata QCd by JB2: Sample metadata QCd by EJ3: Volume correct
,17707324,1,2021-07-13,QUADRA,HAKAI,OCEANOGRAPHY,QOMA5,1,QU39,M,,QX8942,0,,2021-07-13T09:48:00.000Z,2021-07-13T13:00:00.000Z,,,1000,eva.jordison;jonathan.bergshoeff;zoe.sandwith,1,,,,,,,,,,,,,,,,,,,,,,,,,,,,,,,,,,,,,,,,,,,,,,Collected,Technicianm,,1: Event metadata QC'd by JB2: Sample metadata QCd by EJ
,17707324,1,2021-07-13,QUADRA,HAKAI,OCEANOGRAPHY,QOMA5,1,QU39,M,,QX8943,5,5.420672,2021-07-13T09:48:00.000Z,2021-07-13T13:00:00.000Z,,,1000,eva.jordison;jonathan.bergshoeff;zoe.sandwith,1,,,,,,,,,,,,,,,,,,,,,,,,,,,,,,,,,,,,,,,,,,,,,,Collected,Technicianm,,1: Event metadata QC'd by JB2: Sample metadata QCd by EJ
,17707324,1,2021-07-13,QUADRA,HAKAI,OCEANOGRAPHY,QOMA5,1,QU39,M,,QX8944,10,10.0855248,2021-07-13T09:48:00.000Z,2021-07-13T13:00:00.000Z,,,1000,eva.jordison;jonathan.bergshoeff;zoe.sandwith,1,,,,,,,,,,,,,,,,,,,,,,,,,,,,,,,,,,,,,,,,,,,,,,Collected,Technicianm,,1: Event metadata QC'd by JB2: Sample metadata QCd by EJ
,17706614,1,2021-07-20,QUADRA,HAKAI,OCEANOGRAPHY,QOMA1,2,QU39,M,,QX8937,0,,2021-07-20T10:23:00.000Z,2021-07-20T10:55:00.000Z,,,1000,rosie.savage;rumer.opie,1,,,,,,,,,,,,,,,,,,,,,,,,,,,,,,,,,,,,,,,,,,,,,,Collected,Technicianm,,1: Event metadata QCd by EJ2: Sample metadata QCd by EJ
,17706612,1,2021-07-20,QUADRA,HAKAI,OCEANOGRAPHY,QOMA1,1,QU39,M,,QX8938,5,5.0141227,2021-07-20T09:56:00.000Z,2021-07-20T10:59:00.000Z,,,1000,rosie.savage;rumer.opie,1,,,,,,,,,,,,,,,,,,,,,,,,,,,,,,,,,,,,,,,,,,,,,,Collected,Technicianm,,1: Event metadata QCd by EJ2: Sample metadata QCd by EJ
,17706612,1,2021-07-20,QUADRA,HAKAI,OCEANOGRAPHY,QOMA1,1,QU39,M,,QX8939,10,10.101992,2021-07-20T09:56:00.000Z,2021-07-20T10:59:00.000Z,,,1000,rosie.savage;rumer.opie,1,,,,,,,,,,,,,,,,,,,,,,,,,,,,,,,,,,,,,,,,,,,,,,Collected,Technicianm,,1: Event metadata QCd by EJ2: Sample metadata QCd by EJ
,17706612,1,2021-07-20,QUADRA,HAKAI,OCEANOGRAPHY,QOMA1,1,QU39,M,,QX8940,20,19.8141429,2021-07-20T09:56:00.000Z,2021-07-20T10:59:00.000Z,,,1000,rosie.savage;rumer.opie,1,,,,,,,,,,,,,,,,,,,,,,,,,,,,,,,,,,,,,,,,,,,,,,Collected,Technicianm,,1: Event metadata QCd by EJ2: Sample metadata QCd by EJ
,17706612,1,2021-07-20,QUADRA,HAKAI,OCEANOGRAPHY,QOMA1,1,QU39,M,,QX8941,30,28.3100072,2021-07-20T09:56:00.000Z,2021-07-20T10:59:00.000Z,,,1000,rosie.savage;rumer.opie,1,,,,,,,,,,,,,,,,,,,,,,,,,,,,,,,,,,,,,,,,,,,,,,Collected,Technicianm,,1: Event metadata QCd by EJ2: Sample metadata QCd by EJ
,17707309,1,2021-07-22,QUADRA,HAKAI,OCEANOGRAPHY,TOBA,1,TO4A,M,,QX8945,0,,2021-07-22T10:08:00.000Z,2021-07-22T13:11:00.000Z,,,1000,alex.hare;jonathan.bergshoeff;meagan.abele;rosie.savage;zoe.sandwith,1,,,,,,,,,,,,,,,,,,,,,,,,,,,,,,,,,,,,,,,,,,,,,,Collected,Technicianm,,1: Event Metadata QCd by ZS2: Sample metadata QCd by EJ
,17707309,1,2021-07-22,QUADRA,HAKAI,OCEANOGRAPHY,TOBA,1,TO4A,M,,QX8946,5,5.7142624,2021-07-22T10:08:00.000Z,2021-07-22T13:11:00.000Z,,,1000,alex.hare;jonathan.bergshoeff;meagan.abele;rosie.savage;zoe.sandwith,1,,,,,,,,,,,,,,,,,,,,,,,,,,,,,,,,,,,,,,,,,,,,,,Collected,Technicianm,,1: Event Metadata QCd by ZS2: Sample metadata QCd by EJ
,17707309,1,2021-07-22,QUADRA,HAKAI,OCEANOGRAPHY,TOBA,1,TO4A,M,,QX8947,10,10.0003388,2021-07-22T10:08:00.000Z,2021-07-22T13:11:00.000Z,,,1000,alex.hare;jonathan.bergshoeff;meagan.abele;rosie.savage;zoe.sandwith,1,,,,,,,,,,,,,,,,,,,,,,,,,,,,,,,,,,,,,,,,,,,,,,Collected,Technicianm,,1: Event Metadata QCd by ZS2: Sample metadata QCd by EJ
,17707448,1,2021-07-27,QUADRA,HAKAI,OCEANOGRAPHY,QOMA5,1,QU39,M,,QX8948,0,,2021-07-27T09:32:00.000Z,2021-07-27T13:00:00.000Z,,,1000,jonathan.bergshoeff;meagan.abele;rumer.opie,1,,,,,,,,,,,,,,,,,,,,,,,,,,,,,,,,,,,,,,,,,,,,,,Collected,Technicianm,,1: Event metadata QC'd by JB2: Sample metadata QCd by EJ
,17707448,1,2021-07-27,QUADRA,HAKAI,OCEANOGRAPHY,QOMA5,1,QU39,M,,QX8949,5,5.9096015,2021-07-27T09:32:00.000Z,2021-07-27T13:00:00.000Z,,,1000,jonathan.bergshoeff;meagan.abele;rumer.opie,1,,,,,,,,,,,,,,,,,,,,,,,,,,,,,,,,,,,,,,,,,,,,,,Collected,Technicianm,,1: Event metadata QC'd by JB2: Sample metadata QCd by EJ
,17707448,1,2021-07-27,QUADRA,HAKAI,OCEANOGRAPHY,QOMA5,1,QU39,M,,QX8950,10,10.5722301,2021-07-27T09:32:00.000Z,2021-07-27T13:00:00.000Z,,,1000,jonathan.bergshoeff;meagan.abele;rumer.opie,1,,,,,,,,,,,,,,,,,,,,,,,,,,,,,,,,,,,,,,,,,,,,,,Collected,Technicianm,,1: Event metadata QC'd by JB2: Sample metadata QCd by EJ
,17708169,1,2021-08-03,QUADRA,HAKAI,OCEANOGRAPHY,QOMA1,1,QU39,M,,QX8951,0,,2021-08-03T10:12:00.000Z,2021-08-03T10:20:00.000Z,,,1000,carrie.weekes,1,,,,,,,,,,,,,,,,,,,,,,,,,,,,,,,,,,,,,,,,,,,,,,Collected,Technicianm,,1: Event metadata QCd by MA2: HPLC Metadata QCd by FM
,17708169,1,2021-08-03,QUADRA,HAKAI,OCEANOGRAPHY,QOMA1,1,QU39,M,,QX8952,5,5.1983648,2021-08-03T10:12:00.000Z,2021-08-03T10:20:00.000Z,,,1000,carrie.weekes,1,,,,,,,,,,,,,,,,,,,,,,,,,,,,,,,,,,,,,,,,,,,,,,Collected,Technicianm,,1: Event metadata QCd by MA2: HPLC Metadata QCd by FM
,17708169,1,2021-08-03,QUADRA,HAKAI,OCEANOGRAPHY,QOMA1,1,QU39,M,,QX8953,10,10.0179669,2021-08-03T10:12:00.000Z,2021-08-03T10:20:00.000Z,,,1000,carrie.weekes,1,,,,,,,,,,,,,,,,,,,,,,,,,,,,,,,,,,,,,,,,,,,,,,Collected,Technicianm,,1: Event metadata QCd by MA2: HPLC Metadata QCd by FM
,17708169,1,2021-08-03,QUADRA,HAKAI,OCEANOGRAPHY,QOMA1,1,QU39,M,,QX8954,20,20.5370562,2021-08-03T10:12:00.000Z,2021-08-03T10:20:00.000Z,,,1000,carrie.weekes,1,,,,,,,,,,,,,,,,,,,,,,,,,,,,,,,,,,,,,,,,,,,,,,Collected,Technicianm,,1: Event metadata QCd by MA2: HPLC Metadata QCd by FM
,17708169,1,2021-08-03,QUADRA,HAKAI,OCEANOGRAPHY,QOMA1,1,QU39,M,,QX8955,30,28.6635025,2021-08-03T10:12:00.000Z,2021-08-03T10:20:00.000Z,,,1000,carrie.weekes,1,,,,,,,,,,,,,,,,,,,,,,,,,,,,,,,,,,,,,,,,,,,,,,Collected,Technicianm,,1: Event metadata QCd by MA2: HPLC Metadata QCd by FM
,17708172,1,2021-08-05,CALVERT,HAKAI,OCEANOGRAPHY,KWAK,1,KC10,M,,CX8400,5,5.9279422,2021-08-05T10:50:00.000Z,2021-08-05T11:24:00.000Z,,,1000,chris.mackenzie,1,,,,,,,,,,,,,,,,,,,,,,,,,,,,,,,,,,,,,,,,,,,,,,Collected,Technicianm,,1: Event metadata QCd by EJ2: Sample metadata QCd by EJ
,17708602,1,2021-08-09,CALVERT,HAKAI,OCEANOGRAPHY,RVRS,1,DFO2,M,,CX8401,5,7.0033498,2021-08-09T10:27:00.000Z,2021-08-09T14:15:00.000Z,,,1000,chris.mackenzie;eva.jordison,1,,,,,,,,,,,,,,,,,,,,,,,,,,,,,,,,,,,,,,,,,,,,,,Collected,Technicianm,,1: Event metadata QCd by EJ2: Sample metadata QCd by EJ
,17709040,1,2021-08-10,QUADRA,HAKAI,OCEANOGRAPHY,QOMA5,1,QU39,M,,QX8956,0,,2021-08-10T09:24:00.000Z,2021-08-10T13:25:00.000Z,,,1000,meagan.abele,1,,,,,,,,,,,,,,,,,,,,,,,,,,,,,,,,,,,,,,,,,,,,,,Collected,Technicianm,,1: Event metadata QCd by EJ2: HPLC Metadata QCd by FM
,17709040,1,2021-08-10,QUADRA,HAKAI,OCEANOGRAPHY,QOMA5,1,QU39,M,,QX8957,5,5.9265845,2021-08-10T09:24:00.000Z,2021-08-10T13:25:00.000Z,,,1000,meagan.abele,1,,,,,,,,,,,,,,,,,,,,,,,,,,,,,,,,,,,,,,,,,,,,,,Collected,Technicianm,,1: Event metadata QCd by EJ2: HPLC Metadata QCd by FM
,17709040,1,2021-08-10,QUADRA,HAKAI,OCEANOGRAPHY,QOMA5,1,QU39,M,,QX8958,10,11.1184567,2021-08-10T09:24:00.000Z,2021-08-10T13:25:00.000Z,,,1000,meagan.abele,1,,,,,,,,,,,,,,,,,,,,,,,,,,,,,,,,,,,,,,,,,,,,,,Collected,Technicianm,,1: Event metadata QCd by EJ2: HPLC Metadata QCd by FM
,17709739,1,2021-08-17,QUADRA,HAKAI,OCEANOGRAPHY,QOMA1,1,QU39,M,,QX8959,0,,2021-08-17T09:49:00.000Z,2021-08-17T11:26:00.000Z,,,1000,eva.jordison;isabelle.desmarais;jonathan.bergshoeff;katie.pocock;rumer.opie,1,,,,,,,,,,,,,,,,,,,,,,,,,,,,,,,,,,,,,,,,,,,,,,Collected,Technicianm,,1: Event qc'd by RO2: HPLC Metadata QCd by FM
,17709739,1,2021-08-17,QUADRA,HAKAI,OCEANOGRAPHY,QOMA1,1,QU39,M,,QX8960,5,,2021-08-17T09:49:00.000Z,2021-08-17T11:26:00.000Z,,,1000,eva.jordison;isabelle.desmarais;jonathan.bergshoeff;katie.pocock;rumer.opie,1,,,,,,,,,,,,,,,,,,,,,,,,,,,,,,,,,,,,,,,,,,,,,,Collected,Technicianm,,1: Event qc'd by RO2: HPLC Metadata QCd by FM
,17709739,1,2021-08-17,QUADRA,HAKAI,OCEANOGRAPHY,QOMA1,1,QU39,M,,QX8962,10,10.8898832,2021-08-17T09:49:00.000Z,2021-08-17T11:26:00.000Z,,,1000,eva.jordison;isabelle.desmarais;jonathan.bergshoeff;katie.pocock;rumer.opie,1,,,,,,,,,,,,,,,,,,,,,,,,,,,,,,,,,,,,,,,,,,,,,,Collected,Technicianm,,1: Event qc'd by RO2: HPLC Metadata QCd by FM
,17709739,1,2021-08-17,QUADRA,HAKAI,OCEANOGRAPHY,QOMA1,1,QU39,M,,QX8961,20,20.3023691,2021-08-17T09:49:00.000Z,2021-08-17T11:26:00.000Z,,,1000,eva.jordison;isabelle.desmarais;jonathan.bergshoeff;katie.pocock;rumer.opie,1,,,,,,,,,,,,,,,,,,,,,,,,,,,,,,,,,,,,,,,,,,,,,,Collected,Technicianm,,1: Event qc'd by RO2: HPLC Metadata QCd by FM
,17709739,1,2021-08-17,QUADRA,HAKAI,OCEANOGRAPHY,QOMA1,1,QU39,M,,QX8963,30,28.2400826,2021-08-17T09:49:00.000Z,2021-08-17T11:26:00.000Z,,,1000,eva.jordison;isabelle.desmarais;jonathan.bergshoeff;katie.pocock;rumer.opie,1,,,,,,,,,,,,,,,,,,,,,,,,,,,,,,,,,,,,,,,,,,,,,,Collected,Technicianm,,1: Event qc'd by RO2: HPLC Metadata QCd by FM
,17710079,1,2021-08-24,QUADRA,HAKAI,OCEANOGRAPHY,QOMA5,1,QU39,M,,QX8964,0,0.7729957,2021-08-24T09:41:00.000Z,2021-08-24T01:30:00.000Z,,,1000,faye.manning;katie.pocock;rumer.opie,1,,,,,,,,,,,,,,,,,,,,,,,,,,,,,,,,,,,,,,,,,,,,,,Collected,Technicianm,,1: Event QC'd by RO2: HPLC Metadata QCd by FM
,17710079,1,2021-08-24,QUADRA,HAKAI,OCEANOGRAPHY,QOMA5,1,QU39,M,,QX8965,5,5.9182527,2021-08-24T09:41:00.000Z,2021-08-24T01:30:00.000Z,,,1000,faye.manning;katie.pocock;rumer.opie,1,,,,,,,,,,,,,,,,,,,,,,,,,,,,,,,,,,,,,,,,,,,,,,Collected,Technicianm,,1: Event QC'd by RO2: HPLC Metadata QCd by FM
,17710079,1,2021-08-24,QUADRA,HAKAI,OCEANOGRAPHY,QOMA5,1,QU39,M,,QX8966,10,10.4639105,2021-08-24T09:41:00.000Z,2021-08-24T01:30:00.000Z,,,1000,faye.manning;katie.pocock;rumer.opie,1,,,,,,,,,,,,,,,,,,,,,,,,,,,,,,,,,,,,,,,,,,,,,,Collected,Technicianm,,1: Event QC'd by RO2: HPLC Metadata QCd by FM
,17710241,1,2021-08-26,QUADRA,HAKAI,OCEANOGRAPHY,TOBA,1,TO4A,M,,QX8968,0,0.6203496,2021-08-26T10:06:00.000Z,2021-08-26T11:00:00.000Z,,,1000,carolyn.prentice;faye.manning,1,,,,,,,,,,,,,,,,,,,,,,,,,,,,,,,,,,,,,,,,,,,,,,Collected,Technicianm,,1: Event metadata QCd by JB2: HPLC Metadata QCd by FM
,17710241,1,2021-08-26,QUADRA,HAKAI,OCEANOGRAPHY,TOBA,1,TO4A,M,,QX8967,5,5.6929607,2021-08-26T10:06:00.000Z,2021-08-26T11:00:00.000Z,,,1000,carolyn.prentice;faye.manning,1,,,,,,,,,,,,,,,,,,,,,,,,,,,,,,,,,,,,,,,,,,,,,,Collected,Technicianm,,1: Event metadata QCd by JB2: HPLC Metadata QCd by FM
,17710241,1,2021-08-26,QUADRA,HAKAI,OCEANOGRAPHY,TOBA,1,TO4A,M,,QX8969,10,10.0188235,2021-08-26T10:06:00.000Z,2021-08-26T11:00:00.000Z,,,1000,carolyn.prentice;faye.manning,1,,,,,,,,,,,,,,,,,,,,,,,,,,,,,,,,,,,,,,,,,,,,,,Collected,Technicianm,,1: Event metadata QCd by JB2: HPLC Metadata QCd by FM
,18993517,1,2021-09-02,QUADRA,HAKAI,OCEANOGRAPHY,QOMA1,1,QU39,M,,QX8970,0,,2021-09-02T10:20:00.000Z,2021-09-02T10:30:00.000Z,,,1000,zoe.sandwith;rosie.savage,1,,,,,,,,,,,,,,,,,,,,,,,,,,,,,,,,,,,,,,,,,,,,,,Collected,Technicianm,,1: Event metadata QCd by JB2: HPLC Metadata QCd by FM
,18993517,1,2021-09-02,QUADRA,HAKAI,OCEANOGRAPHY,QOMA1,1,QU39,M,,QX8971,5,10.1867811,2021-09-02T10:20:00.000Z,2021-09-02T10:30:00.000Z,,,1000,zoe.sandwith;rosie.savage,1,,,,,,,,,,,,,,,,,,,,,,,,,,,,,,,,,,,,,,,,,,,,,,Collected,Technicianm,,1: Event metadata QCd by JB2: HPLC Metadata QCd by FM3: Solo depth for 5 m samples is 10.2 m
,18993517,1,2021-09-02,QUADRA,HAKAI,OCEANOGRAPHY,QOMA1,1,QU39,M,,QX8972,10,14.3772761,2021-09-02T10:20:00.000Z,2021-09-02T10:30:00.000Z,,,1000,zoe.sandwith;rosie.savage,1,,,,,,,,,,,,,,,,,,,,,,,,,,,,,,,,,,,,,,,,,,,,,,Collected,Technicianm,,1: Event metadata QCd by JB2: HPLC Metadata QCd by FM3: Solo depth for 10 m samples is 14.2 m
,18993517,1,2021-09-02,QUADRA,HAKAI,OCEANOGRAPHY,QOMA1,1,QU39,M,,QX8973,20,24.0662668,2021-09-02T10:20:00.000Z,2021-09-02T10:30:00.000Z,,,1000,zoe.sandwith;rosie.savage,1,,,,,,,,,,,,,,,,,,,,,,,,,,,,,,,,,,,,,,,,,,,,,,Collected,Technicianm,,1: Event metadata QCd by JB2: HPLC Metadata QCd by FM
,18993517,1,2021-09-02,QUADRA,HAKAI,OCEANOGRAPHY,QOMA1,1,QU39,M,,QX8974,30,32.7220493,2021-09-02T10:20:00.000Z,2021-09-02T10:30:00.000Z,,,1000,zoe.sandwith;rosie.savage,1,,,,,,,,,,,,,,,,,,,,,,,,,,,,,,,,,,,,,,,,,,,,,,Collected,Technicianm,,1: Event metadata QCd by JB2: HPLC Metadata QCd by FM
,18992856,1,2021-09-02,CALVERT,HAKAI,OCEANOGRAPHY,RVRS,3,DFO2,M,,CX8402,5,19.4621031,2021-09-02T12:31:00.000Z,2021-09-02T17:03:00.000Z,,,1000,chris.mackenzie;isabelle.desmarais;Sejal Pramlall,1,,,,,,,,,,,,,,,,,,,,,,,,,,,,,,,,,,,,,,,,,,,,,,Collected,Raw,,
,18992837,1,2021-09-05,CALVERT,HAKAI,OCEANOGRAPHY,KWAK,2,KC10,M,,CX8403,5,,2021-09-05T09:16:00.000Z,2021-09-05T11:29:00.000Z,,,1000,chris.mackenzie;isabelle.desmarais;Sejal Pramlall,1,,,,,,,,,,,,,,,,,,,,,,,,,,,,,,,,,,,,,,,,,,,,,,Collected,Raw,,
,18994896,1,2021-09-08,QUADRA,HAKAI,OCEANOGRAPHY,QOMA5,1,QU39,M,,QX8975,0,,2021-09-08T09:17:00.000Z,2021-09-08T12:30:00.000Z,,,1000,natalie.mahara;jonathan.bergshoeff,1,,,,,,,,,,,,,,,,,,,,,,,,,,,,,,,,,,,,,,,,,,,,,,Collected,Technicianm,,1: Event metadata QCd by JB2: HPLC Metadata QCd by FM
,18994896,1,2021-09-08,QUADRA,HAKAI,OCEANOGRAPHY,QOMA5,1,QU39,M,,QX8976,5,6.3631266,2021-09-08T09:17:00.000Z,2021-09-08T12:30:00.000Z,,,940,natalie.mahara;jonathan.bergshoeff,1,,,,,,,,,,,,,,,,,,,,,,,,,,,,,,,,,,,,,,,,,,,,,,Collected,Technicianm,,1: Event metadata QCd by JB2: HPLC Metadata QCd by FM
,18994896,1,2021-09-08,QUADRA,HAKAI,OCEANOGRAPHY,QOMA5,1,QU39,M,,QX8977,10,10.6829061,2021-09-08T09:17:00.000Z,2021-09-08T12:30:00.000Z,,,1000,natalie.mahara;jonathan.bergshoeff,1,,,,,,,,,,,,,,,,,,,,,,,,,,,,,,,,,,,,,,,,,,,,,,Collected,Technicianm,,1: Event metadata QCd by JB2: HPLC Metadata QCd by FM
,18994337,1,2021-09-21,QUADRA,HAKAI,OCEANOGRAPHY,QOMA1,1,QU39,M,,QX8978,0,,2021-09-21T09:53:00.000Z,2021-09-21T10:50:00.000Z,,,1000,zoe.sandwith;rosie.savage,1,,,,,,,,,,,,,,,,,,,,,,,,,,,,,,,,,,,,,,,,,,,,,,Collected,Technicianm,,1: Event metadata QCd by EJ2: HPLC Metadata QCd by FM
,18994337,1,2021-09-21,QUADRA,HAKAI,OCEANOGRAPHY,QOMA1,1,QU39,M,,QX8979,5,5.1112986,2021-09-21T09:53:00.000Z,2021-09-21T10:50:00.000Z,,,1000,zoe.sandwith;rosie.savage,1,,,,,,,,,,,,,,,,,,,,,,,,,,,,,,,,,,,,,,,,,,,,,,Collected,Technicianm,,1: Event metadata QCd by EJ2: HPLC Metadata QCd by FM
,18994337,1,2021-09-21,QUADRA,HAKAI,OCEANOGRAPHY,QOMA1,1,QU39,M,,QX8980,10,10.7930564,2021-09-21T09:53:00.000Z,2021-09-21T10:50:00.000Z,,,1000,zoe.sandwith;rosie.savage,1,,,,,,,,,,,,,,,,,,,,,,,,,,,,,,,,,,,,,,,,,,,,,,Collected,Technicianm,,1: Event metadata QCd by EJ2: HPLC Metadata QCd by FM
,18994337,1,2021-09-21,QUADRA,HAKAI,OCEANOGRAPHY,QOMA1,1,QU39,M,,QX8981,20,20.3073847,2021-09-21T09:53:00.000Z,2021-09-21T10:50:00.000Z,,,1000,zoe.sandwith;rosie.savage,1,,,,,,,,,,,,,,,,,,,,,,,,,,,,,,,,,,,,,,,,,,,,,,Collected,Technicianm,,1: Event metadata QCd by EJ2: HPLC Metadata QCd by FM
,18994337,1,2021-09-21,QUADRA,HAKAI,OCEANOGRAPHY,QOMA1,1,QU39,M,,QX8982,30,28.5111059,2021-09-21T09:53:00.000Z,2021-09-21T10:50:00.000Z,,,1000,zoe.sandwith;rosie.savage,1,,,,,,,,,,,,,,,,,,,,,,,,,,,,,,,,,,,,,,,,,,,,,,Collected,Technicianm,,1: Event metadata QCd by EJ2: HPLC Metadata QCd by FM
,18994320,1,2021-09-23,QUADRA,HAKAI,OCEANOGRAPHY,TOBA,1,TO4A,M,,QX8983,0,,2021-09-23T09:53:00.000Z,2021-09-23T13:07:00.000Z,,,1000,jonathan.bergshoeff,1,,,,,,,,,,,,,,,,,,,,,,,,,,,,,,,,,,,,,,,,,,,,,,Collected,Technicianm,,1: Event metadata QCd by EJ2: HPLC Metadata QCd by FM
,18994320,1,2021-09-23,QUADRA,HAKAI,OCEANOGRAPHY,TOBA,1,TO4A,M,,QX8984,5,5.5403466,2021-09-23T09:53:00.000Z,2021-09-23T13:07:00.000Z,,,1000,jonathan.bergshoeff,1,,,,,,,,,,,,,,,,,,,,,,,,,,,,,,,,,,,,,,,,,,,,,,Collected,Technicianm,,1: Event metadata QCd by EJ2: HPLC Metadata QCd by FM
,18994320,1,2021-09-23,QUADRA,HAKAI,OCEANOGRAPHY,TOBA,1,TO4A,M,,QX8985,10,10.7439533,2021-09-23T09:53:00.000Z,2021-09-23T13:07:00.000Z,,,1000,jonathan.bergshoeff,1,,,,,,,,,,,,,,,,,,,,,,,,,,,,,,,,,,,,,,,,,,,,,,Collected,Technicianm,,1: Event metadata QCd by EJ2: HPLC Metadata QCd by FM
,18994495,1,2021-09-28,QUADRA,HAKAI,OCEANOGRAPHY,QOMA1,1,QU39,M,,QX8990,0,,2021-09-28T09:53:00.000Z,2021-09-28T10:15:00.000Z,,,1000,zoe.sandwith;carolyn.prentice,1,,,,,,,,,,,,,,,,,,,,,,,,,,,,,,,,,,,,,,,,,,,,,,Collected,Technicianm,,1: Event metadata QCd by JB2: HPLC Metadata QCd by FM
,18994495,1,2021-09-28,QUADRA,HAKAI,OCEANOGRAPHY,QOMA1,1,QU39,M,,QX8989,5,5.6341768,2021-09-28T09:53:00.000Z,2021-09-28T10:15:00.000Z,,,1000,zoe.sandwith;carolyn.prentice,1,,,,,,,,,,,,,,,,,,,,,,,,,,,,,,,,,,,,,,,,,,,,,,Collected,Technicianm,,1: Event metadata QCd by JB2: HPLC Metadata QCd by FM
,18994495,1,2021-09-28,QUADRA,HAKAI,OCEANOGRAPHY,QOMA1,1,QU39,M,,QX8988,10,10.4865318,2021-09-28T09:53:00.000Z,2021-09-28T10:15:00.000Z,,,1000,zoe.sandwith;carolyn.prentice,1,,,,,,,,,,,,,,,,,,,,,,,,,,,,,,,,,,,,,,,,,,,,,,Collected,Technicianm,,1: Event metadata QCd by JB2: HPLC Metadata QCd by FM
,18994495,1,2021-09-28,QUADRA,HAKAI,OCEANOGRAPHY,QOMA1,1,QU39,M,,QX8987,20,20.3346169,2021-09-28T09:53:00.000Z,2021-09-28T10:15:00.000Z,,,1000,zoe.sandwith;carolyn.prentice,1,,,,,,,,,,,,,,,,,,,,,,,,,,,,,,,,,,,,,,,,,,,,,,Collected,Technicianm,,1: Event metadata QCd by JB2: HPLC Metadata QCd by FM
,18994495,1,2021-09-28,QUADRA,HAKAI,OCEANOGRAPHY,QOMA1,1,QU39,M,,QX8986,30,29.8431727,2021-09-28T09:53:00.000Z,2021-09-28T10:15:00.000Z,,,1000,zoe.sandwith;carolyn.prentice,1,,,,,,,,,,,,,,,,,,,,,,,,,,,,,,,,,,,,,,,,,,,,,,Collected,Technicianm,,1: Event metadata QCd by JB2: HPLC Metadata QCd by FM
,19639270,1,2021-10-05,QUADRA,HAKAI,OCEANOGRAPHY,QOMA5,1,QU39,M,,QX8991,0,,2021-10-05T09:39:00.000Z,2021-10-05T13:08:00.000Z,,,1000,jonathan.bergshoeff,1,,,,,,,,,,,,,,,,,,,,,,,,,,,,,,,,,,,,,,,,,,,,,,Collected,Raw,,1: Event metadata QCd by EJ
,19639270,1,2021-10-05,QUADRA,HAKAI,OCEANOGRAPHY,QOMA5,1,QU39,M,,QX8992,5,6.5452261,2021-10-05T09:39:00.000Z,2021-10-05T13:08:00.000Z,,,1000,jonathan.bergshoeff,1,,,,,,,,,,,,,,,,,,,,,,,,,,,,,,,,,,,,,,,,,,,,,,Collected,Raw,,1: Event metadata QCd by EJ
,19639270,1,2021-10-05,QUADRA,HAKAI,OCEANOGRAPHY,QOMA5,1,QU39,M,,QX8993,10,10.8180249,2021-10-05T09:39:00.000Z,2021-10-05T13:08:00.000Z,,,1000,jonathan.bergshoeff,1,,,,,,,,,,,,,,,,,,,,,,,,,,,,,,,,,,,,,,,,,,,,,,Collected,Raw,,1: Event metadata QCd by EJ
,19638481,1,2021-10-08,CALVERT,HAKAI,OCEANOGRAPHY,KWAK,2,KC10,M,,CX8405,5,5.6726755,2021-10-08T09:47:00.000Z,2021-10-08T11:47:00.000Z,,,1000,chris.mackenzie;jonathan.bergshoeff,1,,,,,,,,,,,,,,,,,,,,,,,,,,,,,,,,,,,,,,,,,,,,,,Collected,Raw,,1: Event metadata QCd by JB
,20281166,1,2021-10-19,QUADRA,HAKAI,OCEANOGRAPHY,QOMA1,1,QU39,M,,QX8994,0,,2021-10-19T09:38:00.000Z,2021-10-19T10:36:00.000Z,,,1000,rosie.savage,1,,,,,,,,,,,,,,,,,,,,,,,,,,,,,,,,,,,,,,,,,,,,,,Collected,Raw,,1: Event metadata QCd by EJ
,20281166,1,2021-10-19,QUADRA,HAKAI,OCEANOGRAPHY,QOMA1,1,QU39,M,,QX8995,5,6.2385434,2021-10-19T09:38:00.000Z,2021-10-19T10:36:00.000Z,,,1000,rosie.savage,1,,,,,,,,,,,,,,,,,,,,,,,,,,,,,,,,,,,,,,,,,,,,,,Collected,Raw,,1: Event metadata QCd by EJ
,20281166,1,2021-10-19,QUADRA,HAKAI,OCEANOGRAPHY,QOMA1,1,QU39,M,,QX8996,10,10.5043523,2021-10-19T09:38:00.000Z,2021-10-19T10:36:00.000Z,,,1000,rosie.savage,1,,,,,,,,,,,,,,,,,,,,,,,,,,,,,,,,,,,,,,,,,,,,,,Collected,Raw,,1: Event metadata QCd by EJ
,20281166,1,2021-10-19,QUADRA,HAKAI,OCEANOGRAPHY,QOMA1,1,QU39,M,,QX8997,20,20.4174999,2021-10-19T09:38:00.000Z,2021-10-19T10:36:00.000Z,,,1000,rosie.savage,1,,,,,,,,,,,,,,,,,,,,,,,,,,,,,,,,,,,,,,,,,,,,,,Collected,Raw,,1: Event metadata QCd by EJ
,20281166,1,2021-10-19,QUADRA,HAKAI,OCEANOGRAPHY,QOMA1,1,QU39,M,,QX8998,30,30.1907783,2021-10-19T09:38:00.000Z,2021-10-19T10:36:00.000Z,,,1000,rosie.savage,1,,,,,,,,,,,,,,,,,,,,,,,,,,,,,,,,,,,,,,,,,,,,,,Collected,Raw,,1: Event metadata QCd by EJ
,20282570,1,2021-10-27,QUADRA,HAKAI,OCEANOGRAPHY,TOBA,1,TO4A,M,,QX8999,0,,2021-10-27T10:03:00.000Z,2021-10-27T12:54:00.000Z,,,1000,zoe.sandwith;carolyn.prentice,1,,,,,,,,,,,,,,,,,,,,,,,,,,,,,,,,,,,,,,,,,,,,,,Collected,Raw,,1: Event metadata QCd by EJ
,20282570,1,2021-10-27,QUADRA,HAKAI,OCEANOGRAPHY,TOBA,1,TO4A,M,,QX9405,5,6.0316379,2021-10-27T10:03:00.000Z,2021-10-27T12:54:00.000Z,,,1000,zoe.sandwith;carolyn.prentice,1,,,,,,,,,,,,,,,,,,,,,,,,,,,,,,,,,,,,,,,,,,,,,,Collected,Raw,,1: Event metadata QCd by EJ
,20282570,1,2021-10-27,QUADRA,HAKAI,OCEANOGRAPHY,TOBA,1,TO4A,M,,QX9406,10,10.3003475,2021-10-27T10:03:00.000Z,2021-10-27T12:54:00.000Z,,,1000,zoe.sandwith;carolyn.prentice,1,,,,,,,,,,,,,,,,,,,,,,,,,,,,,,,,,,,,,,,,,,,,,,Collected,Raw,,1: Event metadata QCd by EJ
,20285766,1,2021-10-28,QUADRA,HAKAI,OCEANOGRAPHY,QOMA1,1,QU39,M,,QX9407,0,,2021-10-28T09:22:00.000Z,2021-10-28T09:40:00.000Z,,,1000,eva.jordison;isabelle.desmarais,1,,,,,,,,,,,,,,,,,,,,,,,,,,,,,,,,,,,,,,,,,,,,,,Collected,Raw,,1: Event metadata QCd by JB
,20285766,1,2021-10-28,QUADRA,HAKAI,OCEANOGRAPHY,QOMA1,1,QU39,M,,QX9408,5,5.9718207,2021-10-28T09:22:00.000Z,2021-10-28T09:40:00.000Z,,,1000,eva.jordison;isabelle.desmarais,1,,,,,,,,,,,,,,,,,,,,,,,,,,,,,,,,,,,,,,,,,,,,,,Collected,Raw,,1: Event metadata QCd by JB
,20285766,1,2021-10-28,QUADRA,HAKAI,OCEANOGRAPHY,QOMA1,1,QU39,M,,QX9409,10,12.7349761,2021-10-28T09:22:00.000Z,2021-10-28T09:40:00.000Z,,,1000,eva.jordison;isabelle.desmarais,1,,,,,,,,,,,,,,,,,,,,,,,,,,,,,,,,,,,,,,,,,,,,,,Collected,Raw,,1: Event metadata QCd by JB
,20285766,1,2021-10-28,QUADRA,HAKAI,OCEANOGRAPHY,QOMA1,1,QU39,M,,QX9410,20,21.0621054,2021-10-28T09:22:00.000Z,2021-10-28T09:40:00.000Z,,,1000,eva.jordison;isabelle.desmarais,1,,,,,,,,,,,,,,,,,,,,,,,,,,,,,,,,,,,,,,,,,,,,,,Collected,Raw,,1: Event metadata QCd by JB
,20285766,1,2021-10-28,QUADRA,HAKAI,OCEANOGRAPHY,QOMA1,1,QU39,M,,QX9411,30,30.4363637,2021-10-28T09:22:00.000Z,2021-10-28T09:40:00.000Z,,,1000,eva.jordison;isabelle.desmarais,1,,,,,,,,,,,,,,,,,,,,,,,,,,,,,,,,,,,,,,,,,,,,,,Collected,Raw,,1: Event metadata QCd by JB
,20285964,1,2021-11-05,CALVERT,HAKAI,OCEANOGRAPHY,KWAK,1,KC10,M,,CX8406,5,5.1185051,2021-11-05T09:14:00.000Z,2021-11-05T12:45:00.000Z,,,1000,eva.jordison;Jen Jackson,1,,,,,,,,,,,,,,,,,,,,,,,,,,,,,,,,,,,,,,,,,,,,,,Collected,Technicianm,,1: Event metadata QCd by EJ2: Sample metadata QCd by EJ
,20285966,1,2021-11-07,CALVERT,HAKAI,OCEANOGRAPHY,RVRS,1,DFO2,M,,CX8404,5,5.1380286,2021-11-07T11:02:00.000Z,2021-11-07T15:04:00.000Z,,,1000,eva.jordison;Jen Jackson,1,,,,,,,,,,,,,,,,,,,,,,,,,,,,,,,,,,,,,,,,,,,,,,Collected,Technicianm,,1: Event metadata QCd by EJ2: Sample metadata QCd by EJ
,20287029,1,2021-11-10,QUADRA,HAKAI,OCEANOGRAPHY,QOMA1,1,QU39,M,,QX9412,0,,2021-11-10T09:11:00.000Z,2021-11-10T12:49:00.000Z,,,1000,isabelle.desmarais;katie.pocock;zoe.sandwith;carrie.weekes,1,,,,,,,,,,,,,,,,,,,,,,,,,,,,,,,,,,,,,,,,,,,,,,Collected,Raw,,
,20287029,1,2021-11-10,QUADRA,HAKAI,OCEANOGRAPHY,QOMA1,1,QU39,M,,QX9413,5,6.1188927,2021-11-10T09:11:00.000Z,2021-11-10T12:49:00.000Z,,,1000,isabelle.desmarais;katie.pocock;zoe.sandwith;carrie.weekes,1,,,,,,,,,,,,,,,,,,,,,,,,,,,,,,,,,,,,,,,,,,,,,,Collected,Raw,,
,20287029,1,2021-11-10,QUADRA,HAKAI,OCEANOGRAPHY,QOMA1,1,QU39,M,,QX9414,10,10.5151269,2021-11-10T09:11:00.000Z,2021-11-10T12:49:00.000Z,,,1000,isabelle.desmarais;katie.pocock;zoe.sandwith;carrie.weekes,1,,,,,,,,,,,,,,,,,,,,,,,,,,,,,,,,,,,,,,,,,,,,,,Collected,Raw,,
,20287029,1,2021-11-10,QUADRA,HAKAI,OCEANOGRAPHY,QOMA1,1,QU39,M,,QX9415,20,20.2458397,2021-11-10T09:11:00.000Z,2021-11-10T12:49:00.000Z,,,1000,isabelle.desmarais;katie.pocock;zoe.sandwith;carrie.weekes,1,,,,,,,,,,,,,,,,,,,,,,,,,,,,,,,,,,,,,,,,,,,,,,Collected,Raw,,
,20287029,1,2021-11-10,QUADRA,HAKAI,OCEANOGRAPHY,QOMA1,1,QU39,M,,QX9416,30,30.0071659,2021-11-10T09:11:00.000Z,2021-11-10T12:49:00.000Z,,,1000,isabelle.desmarais;katie.pocock;zoe.sandwith;carrie.weekes,1,,,,,,,,,,,,,,,,,,,,,,,,,,,,,,,,,,,,,,,,,,,,,,Collected,Raw,,